,rv_dt,ratio,value,category
0,2022-01-01,google_pdns_ratio,11.59,Google Public DNS
1,2022-01-02,google_pdns_ratio,9.85,Google Public DNS
2,2022-01-03,google_pdns_ratio,11.0,Google Public DNS
3,2022-01-04,google_pdns_ratio,13.0,Google Public DNS
4,2022-01-05,google_pdns_ratio,13.56,Google Public DNS
5,2022-01-06,google_pdns_ratio,14.09,Google Public DNS
6,2022-01-07,google_pdns_ratio,13.57,Google Public DNS
7,2022-01-08,google_pdns_ratio,11.98,Google Public DNS
8,2022-01-09,google_pdns_ratio,11.09,Google Public DNS
9,2022-01-10,google_pdns_ratio,13.05,Google Public DNS
10,2022-01-11,google_pdns_ratio,15.49,Google Public DNS
11,2022-01-12,google_pdns_ratio,16.82,Google Public DNS
12,2022-01-13,google_pdns_ratio,19.31,Google Public DNS
13,2022-01-14,google_pdns_ratio,19.22,Google Public DNS
14,2022-01-15,google_pdns_ratio,17.04,Google Public DNS
15,2022-01-16,google_pdns_ratio,15.16,Google Public DNS
16,2022-01-17,google_pdns_ratio,16.58,Google Public DNS
17,2022-01-18,google_pdns_ratio,17.24,Google Public DNS
18,2022-01-19,google_pdns_ratio,17.84,Google Public DNS
19,2022-01-20,google_pdns_ratio,17.82,Google Public DNS
20,2022-01-21,google_pdns_ratio,17.39,Google Public DNS
21,2022-01-22,google_pdns_ratio,16.41,Google Public DNS
22,2022-01-23,google_pdns_ratio,15.55,Google Public DNS
23,2022-01-24,google_pdns_ratio,16.82,Google Public DNS
24,2022-01-25,google_pdns_ratio,17.79,Google Public DNS
25,2022-01-26,google_pdns_ratio,17.64,Google Public DNS
26,2022-01-27,google_pdns_ratio,19.94,Google Public DNS
27,2022-01-28,google_pdns_ratio,18.06,Google Public DNS
28,2022-01-29,google_pdns_ratio,17.07,Google Public DNS
29,2022-01-30,google_pdns_ratio,15.77,Google Public DNS
30,2022-01-31,google_pdns_ratio,17.18,Google Public DNS
31,2022-02-01,google_pdns_ratio,17.04,Google Public DNS
32,2022-02-02,google_pdns_ratio,16.84,Google Public DNS
33,2022-02-03,google_pdns_ratio,17.88,Google Public DNS
34,2022-02-04,google_pdns_ratio,20.05,Google Public DNS
35,2022-02-05,google_pdns_ratio,17.64,Google Public DNS
36,2022-02-06,google_pdns_ratio,16.59,Google Public DNS
37,2022-02-07,google_pdns_ratio,18.07,Google Public DNS
38,2022-02-08,google_pdns_ratio,16.98,Google Public DNS
39,2022-02-09,google_pdns_ratio,16.98,Google Public DNS
40,2022-02-10,google_pdns_ratio,18.63,Google Public DNS
41,2022-02-11,google_pdns_ratio,17.4,Google Public DNS
42,2022-02-12,google_pdns_ratio,17.2,Google Public DNS
43,2022-02-13,google_pdns_ratio,16.44,Google Public DNS
44,2022-02-14,google_pdns_ratio,16.82,Google Public DNS
45,2022-02-15,google_pdns_ratio,16.45,Google Public DNS
46,2022-02-16,google_pdns_ratio,16.29,Google Public DNS
47,2022-02-17,google_pdns_ratio,17.57,Google Public DNS
48,2022-02-18,google_pdns_ratio,18.28,Google Public DNS
49,2022-02-19,google_pdns_ratio,17.9,Google Public DNS
50,2022-02-20,google_pdns_ratio,17.18,Google Public DNS
51,2022-02-21,google_pdns_ratio,18.82,Google Public DNS
52,2022-02-22,google_pdns_ratio,19.3,Google Public DNS
53,2022-02-23,google_pdns_ratio,18.99,Google Public DNS
54,2022-02-24,google_pdns_ratio,19.37,Google Public DNS
55,2022-02-25,google_pdns_ratio,18.85,Google Public DNS
56,2022-02-26,google_pdns_ratio,18.04,Google Public DNS
57,2022-02-27,google_pdns_ratio,17.44,Google Public DNS
58,2022-02-28,google_pdns_ratio,17.95,Google Public DNS
59,2022-03-01,google_pdns_ratio,19.56,Google Public DNS
60,2022-03-02,google_pdns_ratio,17.0,Google Public DNS
61,2022-03-03,google_pdns_ratio,18.38,Google Public DNS
62,2022-03-04,google_pdns_ratio,17.12,Google Public DNS
63,2022-03-05,google_pdns_ratio,15.49,Google Public DNS
64,2022-03-06,google_pdns_ratio,15.57,Google Public DNS
65,2022-03-07,google_pdns_ratio,18.33,Google Public DNS
66,2022-03-08,google_pdns_ratio,18.45,Google Public DNS
67,2022-03-09,google_pdns_ratio,17.18,Google Public DNS
68,2022-03-10,google_pdns_ratio,19.07,Google Public DNS
69,2022-03-11,google_pdns_ratio,18.04,Google Public DNS
70,2022-03-12,google_pdns_ratio,16.35,Google Public DNS
71,2022-03-13,google_pdns_ratio,16.36,Google Public DNS
72,2022-03-14,google_pdns_ratio,18.03,Google Public DNS
73,2022-03-15,google_pdns_ratio,16.3,Google Public DNS
74,2022-03-16,google_pdns_ratio,16.13,Google Public DNS
75,2022-03-17,google_pdns_ratio,18.31,Google Public DNS
76,2022-03-18,google_pdns_ratio,21.47,Google Public DNS
77,2022-03-19,google_pdns_ratio,19.94,Google Public DNS
78,2022-03-20,google_pdns_ratio,19.59,Google Public DNS
79,2022-03-21,google_pdns_ratio,20.38,Google Public DNS
80,2022-03-22,google_pdns_ratio,23.2,Google Public DNS
81,2022-03-23,google_pdns_ratio,25.3,Google Public DNS
82,2022-03-24,google_pdns_ratio,29.21,Google Public DNS
83,2022-03-25,google_pdns_ratio,26.59,Google Public DNS
84,2022-03-26,google_pdns_ratio,24.42,Google Public DNS
85,2022-03-27,google_pdns_ratio,23.74,Google Public DNS
86,2022-03-28,google_pdns_ratio,24.27,Google Public DNS
87,2022-03-29,google_pdns_ratio,22.46,Google Public DNS
88,2022-03-30,google_pdns_ratio,23.24,Google Public DNS
89,2022-03-31,google_pdns_ratio,25.25,Google Public DNS
90,2022-04-01,google_pdns_ratio,23.97,Google Public DNS
91,2022-04-02,google_pdns_ratio,20.52,Google Public DNS
92,2022-04-03,google_pdns_ratio,22.61,Google Public DNS
93,2022-04-04,google_pdns_ratio,23.74,Google Public DNS
94,2022-04-05,google_pdns_ratio,22.7,Google Public DNS
95,2022-04-06,google_pdns_ratio,19.43,Google Public DNS
96,2022-04-07,google_pdns_ratio,21.66,Google Public DNS
97,2022-04-08,google_pdns_ratio,21.82,Google Public DNS
98,2022-04-09,google_pdns_ratio,18.7,Google Public DNS
99,2022-04-10,google_pdns_ratio,17.64,Google Public DNS
100,2022-04-11,google_pdns_ratio,19.16,Google Public DNS
101,2022-04-12,google_pdns_ratio,18.7,Google Public DNS
102,2022-04-13,google_pdns_ratio,17.78,Google Public DNS
103,2022-04-14,google_pdns_ratio,20.2,Google Public DNS
104,2022-04-15,google_pdns_ratio,20.08,Google Public DNS
105,2022-04-16,google_pdns_ratio,20.3,Google Public DNS
106,2022-04-17,google_pdns_ratio,19.51,Google Public DNS
107,2022-04-18,google_pdns_ratio,18.03,Google Public DNS
108,2022-04-19,google_pdns_ratio,19.91,Google Public DNS
109,2022-04-20,google_pdns_ratio,17.41,Google Public DNS
110,2022-04-21,google_pdns_ratio,19.14,Google Public DNS
111,2022-04-22,google_pdns_ratio,18.66,Google Public DNS
112,2022-04-23,google_pdns_ratio,17.3,Google Public DNS
113,2022-04-24,google_pdns_ratio,16.47,Google Public DNS
114,2022-04-25,google_pdns_ratio,18.09,Google Public DNS
115,2022-04-26,google_pdns_ratio,20.6,Google Public DNS
116,2022-04-27,google_pdns_ratio,21.88,Google Public DNS
117,2022-04-28,google_pdns_ratio,23.33,Google Public DNS
118,2022-04-29,google_pdns_ratio,22.58,Google Public DNS
119,2022-04-30,google_pdns_ratio,21.93,Google Public DNS
120,2022-05-01,google_pdns_ratio,21.18,Google Public DNS
121,2022-05-02,google_pdns_ratio,22.86,Google Public DNS
122,2022-05-03,google_pdns_ratio,23.23,Google Public DNS
123,2022-05-04,google_pdns_ratio,23.27,Google Public DNS
124,2022-05-05,google_pdns_ratio,23.25,Google Public DNS
125,2022-05-06,google_pdns_ratio,21.6,Google Public DNS
126,2022-05-07,google_pdns_ratio,21.44,Google Public DNS
127,2022-05-08,google_pdns_ratio,20.66,Google Public DNS
128,2022-05-09,google_pdns_ratio,22.37,Google Public DNS
129,2022-05-10,google_pdns_ratio,21.92,Google Public DNS
130,2022-05-12,google_pdns_ratio,22.68,Google Public DNS
131,2022-05-13,google_pdns_ratio,24.67,Google Public DNS
132,2022-05-14,google_pdns_ratio,22.42,Google Public DNS
133,2022-05-15,google_pdns_ratio,21.22,Google Public DNS
134,2022-05-16,google_pdns_ratio,21.79,Google Public DNS
135,2022-05-17,google_pdns_ratio,22.47,Google Public DNS
136,2022-05-18,google_pdns_ratio,21.9,Google Public DNS
137,2022-05-19,google_pdns_ratio,23.07,Google Public DNS
138,2022-05-20,google_pdns_ratio,21.38,Google Public DNS
139,2022-05-21,google_pdns_ratio,20.81,Google Public DNS
140,2022-05-22,google_pdns_ratio,19.52,Google Public DNS
141,2022-05-23,google_pdns_ratio,20.6,Google Public DNS
142,2022-05-24,google_pdns_ratio,21.91,Google Public DNS
143,2022-05-25,google_pdns_ratio,20.6,Google Public DNS
144,2022-05-26,google_pdns_ratio,19.23,Google Public DNS
145,2022-05-27,google_pdns_ratio,21.63,Google Public DNS
146,2022-05-28,google_pdns_ratio,21.68,Google Public DNS
147,2022-05-29,google_pdns_ratio,19.41,Google Public DNS
148,2022-05-30,google_pdns_ratio,20.25,Google Public DNS
149,2022-05-31,google_pdns_ratio,20.21,Google Public DNS
150,2022-06-01,google_pdns_ratio,20.78,Google Public DNS
151,2022-06-02,google_pdns_ratio,21.18,Google Public DNS
152,2022-06-03,google_pdns_ratio,21.09,Google Public DNS
153,2022-06-04,google_pdns_ratio,20.36,Google Public DNS
154,2022-06-05,google_pdns_ratio,19.22,Google Public DNS
155,2022-06-06,google_pdns_ratio,18.28,Google Public DNS
156,2022-06-07,google_pdns_ratio,20.32,Google Public DNS
157,2022-06-08,google_pdns_ratio,19.8,Google Public DNS
158,2022-06-09,google_pdns_ratio,21.78,Google Public DNS
159,2022-06-10,google_pdns_ratio,20.89,Google Public DNS
160,2022-06-11,google_pdns_ratio,21.0,Google Public DNS
161,2022-06-12,google_pdns_ratio,19.76,Google Public DNS
162,2022-06-13,google_pdns_ratio,19.81,Google Public DNS
163,2022-06-14,google_pdns_ratio,21.04,Google Public DNS
164,2022-06-15,google_pdns_ratio,20.26,Google Public DNS
165,2022-06-16,google_pdns_ratio,21.48,Google Public DNS
166,2022-06-17,google_pdns_ratio,20.95,Google Public DNS
167,2022-06-18,google_pdns_ratio,20.22,Google Public DNS
168,2022-06-19,google_pdns_ratio,20.11,Google Public DNS
169,2022-06-20,google_pdns_ratio,19.82,Google Public DNS
170,2022-06-21,google_pdns_ratio,20.57,Google Public DNS
171,2022-06-22,google_pdns_ratio,20.26,Google Public DNS
172,2022-06-23,google_pdns_ratio,21.23,Google Public DNS
173,2022-06-24,google_pdns_ratio,20.72,Google Public DNS
174,2022-06-25,google_pdns_ratio,17.91,Google Public DNS
175,2022-06-26,google_pdns_ratio,17.22,Google Public DNS
176,2022-06-27,google_pdns_ratio,18.46,Google Public DNS
177,2022-06-28,google_pdns_ratio,18.99,Google Public DNS
178,2022-06-29,google_pdns_ratio,19.88,Google Public DNS
179,2022-06-30,google_pdns_ratio,20.5,Google Public DNS
180,2022-07-01,google_pdns_ratio,19.81,Google Public DNS
181,2022-07-02,google_pdns_ratio,19.86,Google Public DNS
182,2022-07-03,google_pdns_ratio,17.15,Google Public DNS
183,2022-07-04,google_pdns_ratio,18.24,Google Public DNS
184,2022-07-05,google_pdns_ratio,19.6,Google Public DNS
185,2022-07-06,google_pdns_ratio,19.36,Google Public DNS
186,2022-07-07,google_pdns_ratio,18.53,Google Public DNS
187,2022-07-08,google_pdns_ratio,19.05,Google Public DNS
188,2022-07-09,google_pdns_ratio,18.7,Google Public DNS
189,2022-07-10,google_pdns_ratio,17.39,Google Public DNS
190,2022-07-11,google_pdns_ratio,19.12,Google Public DNS
191,2022-07-12,google_pdns_ratio,18.53,Google Public DNS
192,2022-07-13,google_pdns_ratio,19.29,Google Public DNS
193,2022-07-14,google_pdns_ratio,18.21,Google Public DNS
194,2022-07-15,google_pdns_ratio,17.13,Google Public DNS
195,2022-07-16,google_pdns_ratio,17.07,Google Public DNS
196,2022-07-17,google_pdns_ratio,16.81,Google Public DNS
197,2022-07-18,google_pdns_ratio,16.86,Google Public DNS
198,2022-07-19,google_pdns_ratio,18.88,Google Public DNS
199,2022-07-20,google_pdns_ratio,17.45,Google Public DNS
200,2022-07-21,google_pdns_ratio,17.91,Google Public DNS
201,2022-07-22,google_pdns_ratio,16.04,Google Public DNS
202,2022-07-23,google_pdns_ratio,15.11,Google Public DNS
203,2022-07-24,google_pdns_ratio,13.83,Google Public DNS
204,2022-07-25,google_pdns_ratio,14.65,Google Public DNS
205,2022-07-26,google_pdns_ratio,13.98,Google Public DNS
206,2022-07-27,google_pdns_ratio,13.75,Google Public DNS
207,2022-07-28,google_pdns_ratio,12.92,Google Public DNS
208,2022-07-29,google_pdns_ratio,12.35,Google Public DNS
209,2022-07-30,google_pdns_ratio,11.96,Google Public DNS
210,2022-07-31,google_pdns_ratio,11.17,Google Public DNS
211,2022-08-01,google_pdns_ratio,11.23,Google Public DNS
212,2022-08-02,google_pdns_ratio,11.25,Google Public DNS
213,2022-08-03,google_pdns_ratio,11.49,Google Public DNS
214,2022-08-04,google_pdns_ratio,12.32,Google Public DNS
215,2022-08-05,google_pdns_ratio,12.77,Google Public DNS
216,2022-08-06,google_pdns_ratio,12.16,Google Public DNS
217,2022-08-07,google_pdns_ratio,11.85,Google Public DNS
218,2022-08-08,google_pdns_ratio,12.31,Google Public DNS
219,2022-08-09,google_pdns_ratio,12.34,Google Public DNS
220,2022-08-10,google_pdns_ratio,12.18,Google Public DNS
221,2022-08-11,google_pdns_ratio,11.99,Google Public DNS
222,2022-08-12,google_pdns_ratio,11.82,Google Public DNS
223,2022-08-13,google_pdns_ratio,12.22,Google Public DNS
224,2022-08-14,google_pdns_ratio,10.63,Google Public DNS
225,2022-08-15,google_pdns_ratio,10.02,Google Public DNS
226,2022-08-16,google_pdns_ratio,10.58,Google Public DNS
227,2022-08-17,google_pdns_ratio,9.98,Google Public DNS
228,2022-08-18,google_pdns_ratio,11.15,Google Public DNS
229,2022-08-19,google_pdns_ratio,11.37,Google Public DNS
230,2022-08-20,google_pdns_ratio,10.92,Google Public DNS
231,2022-08-21,google_pdns_ratio,10.6,Google Public DNS
232,2022-08-22,google_pdns_ratio,11.53,Google Public DNS
233,2022-08-23,google_pdns_ratio,11.48,Google Public DNS
234,2022-08-24,google_pdns_ratio,12.14,Google Public DNS
235,2022-08-25,google_pdns_ratio,11.89,Google Public DNS
236,2022-08-26,google_pdns_ratio,12.87,Google Public DNS
237,2022-08-27,google_pdns_ratio,11.77,Google Public DNS
238,2022-08-28,google_pdns_ratio,11.63,Google Public DNS
239,2022-08-29,google_pdns_ratio,11.48,Google Public DNS
240,2022-08-30,google_pdns_ratio,12.83,Google Public DNS
241,2022-08-31,google_pdns_ratio,11.99,Google Public DNS
242,2022-09-01,google_pdns_ratio,14.49,Google Public DNS
243,2022-09-02,google_pdns_ratio,13.34,Google Public DNS
244,2022-09-03,google_pdns_ratio,12.88,Google Public DNS
245,2022-09-04,google_pdns_ratio,12.33,Google Public DNS
246,2022-09-05,google_pdns_ratio,13.76,Google Public DNS
247,2022-09-06,google_pdns_ratio,13.49,Google Public DNS
248,2022-09-07,google_pdns_ratio,12.65,Google Public DNS
249,2022-09-08,google_pdns_ratio,12.53,Google Public DNS
250,2022-09-09,google_pdns_ratio,13.07,Google Public DNS
251,2022-09-10,google_pdns_ratio,12.09,Google Public DNS
252,2022-09-11,google_pdns_ratio,11.69,Google Public DNS
253,2022-09-12,google_pdns_ratio,12.91,Google Public DNS
254,2022-09-13,google_pdns_ratio,12.83,Google Public DNS
255,2022-09-14,google_pdns_ratio,12.05,Google Public DNS
256,2022-09-15,google_pdns_ratio,13.56,Google Public DNS
257,2022-09-16,google_pdns_ratio,13.37,Google Public DNS
258,2022-09-17,google_pdns_ratio,12.0,Google Public DNS
259,2022-09-18,google_pdns_ratio,11.1,Google Public DNS
260,2022-09-19,google_pdns_ratio,11.58,Google Public DNS
261,2022-09-20,google_pdns_ratio,11.22,Google Public DNS
262,2022-09-21,google_pdns_ratio,9.87,Google Public DNS
263,2022-09-22,google_pdns_ratio,9.37,Google Public DNS
264,2022-09-23,google_pdns_ratio,8.43,Google Public DNS
265,2022-09-24,google_pdns_ratio,7.38,Google Public DNS
266,2022-09-25,google_pdns_ratio,8.2,Google Public DNS
267,2022-09-26,google_pdns_ratio,7.47,Google Public DNS
268,2022-09-27,google_pdns_ratio,7.67,Google Public DNS
269,2022-09-28,google_pdns_ratio,7.29,Google Public DNS
270,2022-09-29,google_pdns_ratio,6.98,Google Public DNS
271,2022-09-30,google_pdns_ratio,7.23,Google Public DNS
272,2022-10-01,google_pdns_ratio,6.85,Google Public DNS
273,2022-10-02,google_pdns_ratio,6.54,Google Public DNS
274,2022-10-03,google_pdns_ratio,6.91,Google Public DNS
275,2022-10-04,google_pdns_ratio,7.66,Google Public DNS
276,2022-10-05,google_pdns_ratio,7.36,Google Public DNS
277,2022-10-06,google_pdns_ratio,7.23,Google Public DNS
278,2022-10-07,google_pdns_ratio,7.22,Google Public DNS
279,2022-10-08,google_pdns_ratio,7.16,Google Public DNS
280,2022-10-09,google_pdns_ratio,6.61,Google Public DNS
281,2022-10-10,google_pdns_ratio,7.06,Google Public DNS
282,2022-10-11,google_pdns_ratio,7.67,Google Public DNS
283,2022-10-12,google_pdns_ratio,7.28,Google Public DNS
284,2022-10-13,google_pdns_ratio,6.99,Google Public DNS
285,2022-10-14,google_pdns_ratio,8.09,Google Public DNS
286,2022-10-15,google_pdns_ratio,8.05,Google Public DNS
287,2022-10-16,google_pdns_ratio,7.56,Google Public DNS
288,2022-10-17,google_pdns_ratio,8.23,Google Public DNS
289,2022-10-18,google_pdns_ratio,9.19,Google Public DNS
290,2022-10-19,google_pdns_ratio,9.5,Google Public DNS
291,2022-10-20,google_pdns_ratio,9.67,Google Public DNS
292,2022-10-21,google_pdns_ratio,9.3,Google Public DNS
293,2022-10-22,google_pdns_ratio,9.14,Google Public DNS
294,2022-10-23,google_pdns_ratio,8.42,Google Public DNS
295,2022-10-24,google_pdns_ratio,8.03,Google Public DNS
296,2022-10-25,google_pdns_ratio,9.32,Google Public DNS
297,2022-10-26,google_pdns_ratio,9.17,Google Public DNS
298,2022-10-27,google_pdns_ratio,9.55,Google Public DNS
299,2022-10-28,google_pdns_ratio,9.02,Google Public DNS
300,2022-10-29,google_pdns_ratio,9.65,Google Public DNS
301,2022-10-30,google_pdns_ratio,8.57,Google Public DNS
302,2022-10-31,google_pdns_ratio,8.5,Google Public DNS
303,2022-11-01,google_pdns_ratio,7.43,Google Public DNS
304,2022-11-02,google_pdns_ratio,8.56,Google Public DNS
305,2022-11-03,google_pdns_ratio,8.25,Google Public DNS
306,2022-11-04,google_pdns_ratio,7.34,Google Public DNS
307,2022-11-05,google_pdns_ratio,7.07,Google Public DNS
308,2022-11-06,google_pdns_ratio,6.79,Google Public DNS
309,2022-11-07,google_pdns_ratio,7.98,Google Public DNS
310,2022-11-08,google_pdns_ratio,8.57,Google Public DNS
311,2022-11-09,google_pdns_ratio,7.84,Google Public DNS
312,2022-11-10,google_pdns_ratio,8.36,Google Public DNS
313,2022-11-11,google_pdns_ratio,7.38,Google Public DNS
314,2022-11-12,google_pdns_ratio,7.38,Google Public DNS
315,2022-11-13,google_pdns_ratio,7.39,Google Public DNS
316,2022-11-14,google_pdns_ratio,7.49,Google Public DNS
317,2022-11-15,google_pdns_ratio,7.62,Google Public DNS
318,2022-11-16,google_pdns_ratio,7.68,Google Public DNS
319,2022-11-17,google_pdns_ratio,7.68,Google Public DNS
320,2022-11-18,google_pdns_ratio,7.23,Google Public DNS
321,2022-11-19,google_pdns_ratio,6.46,Google Public DNS
322,2022-11-20,google_pdns_ratio,6.22,Google Public DNS
323,2022-11-21,google_pdns_ratio,6.8,Google Public DNS
324,2022-11-22,google_pdns_ratio,7.37,Google Public DNS
325,2022-11-23,google_pdns_ratio,6.96,Google Public DNS
326,2022-11-24,google_pdns_ratio,7.47,Google Public DNS
327,2022-11-25,google_pdns_ratio,8.33,Google Public DNS
328,2022-11-26,google_pdns_ratio,7.96,Google Public DNS
329,2022-11-27,google_pdns_ratio,6.6,Google Public DNS
330,2022-11-28,google_pdns_ratio,6.9,Google Public DNS
331,2022-11-29,google_pdns_ratio,6.49,Google Public DNS
332,2022-11-30,google_pdns_ratio,6.63,Google Public DNS
333,2022-12-01,google_pdns_ratio,6.09,Google Public DNS
334,2022-12-02,google_pdns_ratio,6.46,Google Public DNS
335,2022-12-03,google_pdns_ratio,6.2,Google Public DNS
336,2022-12-04,google_pdns_ratio,5.72,Google Public DNS
337,2022-12-05,google_pdns_ratio,6.2,Google Public DNS
338,2022-12-06,google_pdns_ratio,4.82,Google Public DNS
339,2022-12-07,google_pdns_ratio,5.65,Google Public DNS
340,2022-12-08,google_pdns_ratio,6.36,Google Public DNS
341,2022-12-09,google_pdns_ratio,6.71,Google Public DNS
342,2022-12-10,google_pdns_ratio,6.29,Google Public DNS
343,2022-12-11,google_pdns_ratio,6.33,Google Public DNS
344,2022-12-12,google_pdns_ratio,6.24,Google Public DNS
345,2022-12-13,google_pdns_ratio,5.31,Google Public DNS
346,2022-12-14,google_pdns_ratio,4.63,Google Public DNS
347,2022-12-15,google_pdns_ratio,4.43,Google Public DNS
348,2022-12-16,google_pdns_ratio,4.87,Google Public DNS
349,2022-12-17,google_pdns_ratio,4.62,Google Public DNS
350,2022-12-18,google_pdns_ratio,4.59,Google Public DNS
351,2022-12-19,google_pdns_ratio,4.58,Google Public DNS
352,2022-12-20,google_pdns_ratio,4.78,Google Public DNS
353,2022-12-21,google_pdns_ratio,4.81,Google Public DNS
354,2022-12-22,google_pdns_ratio,5.09,Google Public DNS
355,2022-12-23,google_pdns_ratio,5.12,Google Public DNS
356,2022-12-24,google_pdns_ratio,5.63,Google Public DNS
357,2022-12-25,google_pdns_ratio,5.13,Google Public DNS
358,2022-12-26,google_pdns_ratio,4.56,Google Public DNS
359,2022-12-27,google_pdns_ratio,4.66,Google Public DNS
360,2022-12-28,google_pdns_ratio,4.79,Google Public DNS
361,2022-12-29,google_pdns_ratio,4.88,Google Public DNS
362,2022-12-30,google_pdns_ratio,4.69,Google Public DNS
363,2022-12-31,google_pdns_ratio,5.05,Google Public DNS
364,2023-01-01,google_pdns_ratio,5.99,Google Public DNS
365,2023-01-02,google_pdns_ratio,5.55,Google Public DNS
366,2023-01-03,google_pdns_ratio,4.76,Google Public DNS
367,2023-01-04,google_pdns_ratio,4.48,Google Public DNS
368,2023-01-05,google_pdns_ratio,4.78,Google Public DNS
369,2023-01-06,google_pdns_ratio,4.74,Google Public DNS
370,2023-01-07,google_pdns_ratio,4.31,Google Public DNS
371,2023-01-08,google_pdns_ratio,4.16,Google Public DNS
372,2023-01-09,google_pdns_ratio,4.77,Google Public DNS
373,2023-01-10,google_pdns_ratio,6.1,Google Public DNS
374,2023-01-11,google_pdns_ratio,5.01,Google Public DNS
375,2023-01-12,google_pdns_ratio,5.17,Google Public DNS
376,2023-01-13,google_pdns_ratio,5.17,Google Public DNS
377,2023-01-14,google_pdns_ratio,4.7,Google Public DNS
378,2023-01-15,google_pdns_ratio,4.4,Google Public DNS
379,2023-01-16,google_pdns_ratio,4.56,Google Public DNS
380,2023-01-17,google_pdns_ratio,4.4,Google Public DNS
381,2023-01-18,google_pdns_ratio,4.31,Google Public DNS
382,2023-01-19,google_pdns_ratio,4.34,Google Public DNS
383,2023-01-20,google_pdns_ratio,4.27,Google Public DNS
384,2023-01-21,google_pdns_ratio,4.22,Google Public DNS
385,2023-01-22,google_pdns_ratio,3.86,Google Public DNS
386,2023-01-23,google_pdns_ratio,4.3,Google Public DNS
387,2023-01-24,google_pdns_ratio,4.22,Google Public DNS
388,2023-01-25,google_pdns_ratio,2.52,Google Public DNS
389,2023-01-26,google_pdns_ratio,3.04,Google Public DNS
390,2023-01-27,google_pdns_ratio,3.07,Google Public DNS
391,2023-01-28,google_pdns_ratio,2.88,Google Public DNS
392,2023-01-31,google_pdns_ratio,5.22,Google Public DNS
393,2023-02-01,google_pdns_ratio,3.83,Google Public DNS
394,2023-02-02,google_pdns_ratio,3.84,Google Public DNS
395,2023-02-03,google_pdns_ratio,4.32,Google Public DNS
396,2023-02-04,google_pdns_ratio,3.71,Google Public DNS
397,2023-02-05,google_pdns_ratio,3.34,Google Public DNS
398,2023-02-06,google_pdns_ratio,3.85,Google Public DNS
399,2023-02-07,google_pdns_ratio,3.86,Google Public DNS
400,2023-02-08,google_pdns_ratio,3.95,Google Public DNS
401,2023-02-09,google_pdns_ratio,4.07,Google Public DNS
402,2023-02-10,google_pdns_ratio,4.03,Google Public DNS
403,2023-02-11,google_pdns_ratio,3.65,Google Public DNS
404,2023-02-12,google_pdns_ratio,3.38,Google Public DNS
405,2023-02-13,google_pdns_ratio,3.94,Google Public DNS
406,2023-02-14,google_pdns_ratio,3.81,Google Public DNS
407,2023-02-15,google_pdns_ratio,3.69,Google Public DNS
408,2023-02-16,google_pdns_ratio,3.72,Google Public DNS
409,2023-02-17,google_pdns_ratio,3.55,Google Public DNS
410,2023-02-18,google_pdns_ratio,3.59,Google Public DNS
411,2023-02-19,google_pdns_ratio,3.38,Google Public DNS
412,2023-02-20,google_pdns_ratio,3.65,Google Public DNS
413,2023-02-21,google_pdns_ratio,3.73,Google Public DNS
414,2023-02-22,google_pdns_ratio,3.79,Google Public DNS
415,2023-02-23,google_pdns_ratio,3.83,Google Public DNS
416,2023-02-24,google_pdns_ratio,3.74,Google Public DNS
417,2023-02-25,google_pdns_ratio,3.59,Google Public DNS
418,2023-02-26,google_pdns_ratio,3.39,Google Public DNS
419,2023-02-27,google_pdns_ratio,3.76,Google Public DNS
420,2023-02-28,google_pdns_ratio,3.59,Google Public DNS
421,2023-03-01,google_pdns_ratio,3.7,Google Public DNS
422,2023-03-02,google_pdns_ratio,4.3,Google Public DNS
423,2023-03-03,google_pdns_ratio,4.03,Google Public DNS
424,2023-03-04,google_pdns_ratio,4.01,Google Public DNS
425,2023-03-05,google_pdns_ratio,3.73,Google Public DNS
426,2023-03-06,google_pdns_ratio,3.95,Google Public DNS
427,2023-03-07,google_pdns_ratio,3.59,Google Public DNS
428,2023-03-08,google_pdns_ratio,4.0,Google Public DNS
429,2023-03-09,google_pdns_ratio,4.48,Google Public DNS
430,2023-03-10,google_pdns_ratio,4.35,Google Public DNS
431,2023-03-11,google_pdns_ratio,4.1,Google Public DNS
432,2023-03-12,google_pdns_ratio,4.08,Google Public DNS
433,2023-03-13,google_pdns_ratio,4.48,Google Public DNS
434,2023-03-14,google_pdns_ratio,4.06,Google Public DNS
435,2023-03-15,google_pdns_ratio,4.29,Google Public DNS
436,2023-03-16,google_pdns_ratio,5.05,Google Public DNS
437,2023-03-17,google_pdns_ratio,4.91,Google Public DNS
438,2023-03-18,google_pdns_ratio,4.33,Google Public DNS
439,2023-03-19,google_pdns_ratio,4.02,Google Public DNS
440,2023-03-20,google_pdns_ratio,4.43,Google Public DNS
441,2023-03-21,google_pdns_ratio,4.2,Google Public DNS
442,2023-03-22,google_pdns_ratio,3.97,Google Public DNS
443,2023-03-23,google_pdns_ratio,3.96,Google Public DNS
444,2023-03-24,google_pdns_ratio,4.57,Google Public DNS
445,2023-03-25,google_pdns_ratio,4.34,Google Public DNS
446,2023-03-26,google_pdns_ratio,4.05,Google Public DNS
447,2023-03-27,google_pdns_ratio,4.66,Google Public DNS
448,2023-03-28,google_pdns_ratio,4.91,Google Public DNS
449,2023-03-29,google_pdns_ratio,5.28,Google Public DNS
450,2023-03-30,google_pdns_ratio,5.32,Google Public DNS
451,2023-03-31,google_pdns_ratio,5.26,Google Public DNS
452,2023-04-01,google_pdns_ratio,5.12,Google Public DNS
453,2023-04-02,google_pdns_ratio,4.72,Google Public DNS
454,2023-04-03,google_pdns_ratio,5.31,Google Public DNS
455,2023-04-04,google_pdns_ratio,5.38,Google Public DNS
456,2023-04-05,google_pdns_ratio,5.58,Google Public DNS
457,2023-04-06,google_pdns_ratio,5.74,Google Public DNS
458,2023-04-07,google_pdns_ratio,6.02,Google Public DNS
459,2023-04-08,google_pdns_ratio,6.34,Google Public DNS
460,2023-04-09,google_pdns_ratio,6.09,Google Public DNS
461,2023-04-10,google_pdns_ratio,4.92,Google Public DNS
462,2023-04-11,google_pdns_ratio,5.34,Google Public DNS
463,2023-04-12,google_pdns_ratio,4.99,Google Public DNS
464,2023-04-13,google_pdns_ratio,5.33,Google Public DNS
465,2023-04-14,google_pdns_ratio,5.55,Google Public DNS
466,2023-04-15,google_pdns_ratio,5.45,Google Public DNS
467,2023-04-16,google_pdns_ratio,5.19,Google Public DNS
468,2023-04-18,google_pdns_ratio,5.86,Google Public DNS
469,2023-04-19,google_pdns_ratio,5.41,Google Public DNS
470,2023-04-20,google_pdns_ratio,5.35,Google Public DNS
471,2023-04-21,google_pdns_ratio,5.37,Google Public DNS
472,2023-04-22,google_pdns_ratio,5.49,Google Public DNS
473,2023-04-23,google_pdns_ratio,4.76,Google Public DNS
474,2023-04-24,google_pdns_ratio,5.04,Google Public DNS
475,2023-04-25,google_pdns_ratio,4.85,Google Public DNS
476,2023-04-26,google_pdns_ratio,5.16,Google Public DNS
477,2023-04-27,google_pdns_ratio,5.26,Google Public DNS
478,2023-04-28,google_pdns_ratio,4.89,Google Public DNS
479,2023-04-29,google_pdns_ratio,5.18,Google Public DNS
480,2023-04-30,google_pdns_ratio,4.8,Google Public DNS
481,2023-05-01,google_pdns_ratio,4.35,Google Public DNS
482,2023-05-02,google_pdns_ratio,6.36,Google Public DNS
483,2023-05-03,google_pdns_ratio,6.33,Google Public DNS
484,2023-05-04,google_pdns_ratio,5.9,Google Public DNS
485,2023-05-05,google_pdns_ratio,5.99,Google Public DNS
486,2023-05-06,google_pdns_ratio,6.02,Google Public DNS
487,2023-05-07,google_pdns_ratio,5.19,Google Public DNS
488,2023-05-08,google_pdns_ratio,4.93,Google Public DNS
489,2023-05-09,google_pdns_ratio,5.76,Google Public DNS
490,2023-05-10,google_pdns_ratio,5.74,Google Public DNS
491,2023-05-11,google_pdns_ratio,6.19,Google Public DNS
492,2023-05-12,google_pdns_ratio,6.05,Google Public DNS
493,2023-05-13,google_pdns_ratio,6.33,Google Public DNS
494,2023-05-14,google_pdns_ratio,5.99,Google Public DNS
495,2023-05-15,google_pdns_ratio,6.5,Google Public DNS
496,2023-05-16,google_pdns_ratio,6.63,Google Public DNS
497,2023-05-17,google_pdns_ratio,6.15,Google Public DNS
498,2023-05-18,google_pdns_ratio,5.98,Google Public DNS
499,2023-05-19,google_pdns_ratio,5.91,Google Public DNS
500,2023-05-20,google_pdns_ratio,5.6,Google Public DNS
501,2023-05-21,google_pdns_ratio,5.29,Google Public DNS
502,2023-05-22,google_pdns_ratio,5.72,Google Public DNS
503,2023-05-23,google_pdns_ratio,6.02,Google Public DNS
504,2023-05-24,google_pdns_ratio,5.91,Google Public DNS
505,2023-05-25,google_pdns_ratio,6.36,Google Public DNS
506,2023-05-26,google_pdns_ratio,6.47,Google Public DNS
507,2023-05-27,google_pdns_ratio,6.72,Google Public DNS
508,2023-05-28,google_pdns_ratio,7.06,Google Public DNS
509,2023-05-29,google_pdns_ratio,5.97,Google Public DNS
510,2023-05-30,google_pdns_ratio,6.87,Google Public DNS
511,2023-05-31,google_pdns_ratio,6.46,Google Public DNS
512,2023-06-01,google_pdns_ratio,7.35,Google Public DNS
513,2023-06-02,google_pdns_ratio,7.6,Google Public DNS
514,2023-06-03,google_pdns_ratio,8.19,Google Public DNS
515,2023-06-04,google_pdns_ratio,7.25,Google Public DNS
516,2023-06-05,google_pdns_ratio,7.34,Google Public DNS
517,2023-06-06,google_pdns_ratio,6.9,Google Public DNS
518,2023-06-07,google_pdns_ratio,6.97,Google Public DNS
519,2023-06-08,google_pdns_ratio,10.27,Google Public DNS
520,2023-06-09,google_pdns_ratio,8.2,Google Public DNS
521,2023-06-10,google_pdns_ratio,7.97,Google Public DNS
522,2023-06-11,google_pdns_ratio,6.88,Google Public DNS
523,2023-06-12,google_pdns_ratio,7.14,Google Public DNS
524,2023-06-13,google_pdns_ratio,7.31,Google Public DNS
525,2023-06-14,google_pdns_ratio,8.19,Google Public DNS
526,2023-06-15,google_pdns_ratio,7.33,Google Public DNS
527,2023-06-16,google_pdns_ratio,8.05,Google Public DNS
528,2023-06-17,google_pdns_ratio,6.09,Google Public DNS
529,2023-06-18,google_pdns_ratio,5.15,Google Public DNS
530,2023-06-19,google_pdns_ratio,5.95,Google Public DNS
531,2023-06-20,google_pdns_ratio,6.34,Google Public DNS
532,2023-06-21,google_pdns_ratio,6.02,Google Public DNS
533,2023-06-22,google_pdns_ratio,6.34,Google Public DNS
534,2023-06-23,google_pdns_ratio,7.04,Google Public DNS
535,2023-06-24,google_pdns_ratio,6.64,Google Public DNS
536,2023-06-25,google_pdns_ratio,5.6,Google Public DNS
537,2023-06-26,google_pdns_ratio,5.98,Google Public DNS
538,2023-06-27,google_pdns_ratio,6.33,Google Public DNS
539,2023-06-28,google_pdns_ratio,6.54,Google Public DNS
540,2023-06-29,google_pdns_ratio,7.01,Google Public DNS
541,2023-06-30,google_pdns_ratio,7.26,Google Public DNS
542,2023-07-01,google_pdns_ratio,6.78,Google Public DNS
543,2023-07-02,google_pdns_ratio,5.95,Google Public DNS
544,2023-07-03,google_pdns_ratio,6.34,Google Public DNS
545,2023-07-04,google_pdns_ratio,6.56,Google Public DNS
546,2023-07-05,google_pdns_ratio,6.37,Google Public DNS
547,2023-07-06,google_pdns_ratio,7.37,Google Public DNS
548,2023-07-07,google_pdns_ratio,7.68,Google Public DNS
549,2023-07-08,google_pdns_ratio,7.82,Google Public DNS
550,2023-07-09,google_pdns_ratio,6.23,Google Public DNS
551,2023-07-10,google_pdns_ratio,6.74,Google Public DNS
552,2023-07-11,google_pdns_ratio,6.2,Google Public DNS
553,2023-07-13,google_pdns_ratio,6.6,Google Public DNS
554,2023-07-14,google_pdns_ratio,6.26,Google Public DNS
555,2023-07-15,google_pdns_ratio,6.03,Google Public DNS
556,2023-07-16,google_pdns_ratio,6.26,Google Public DNS
557,2023-07-17,google_pdns_ratio,6.85,Google Public DNS
558,2023-07-18,google_pdns_ratio,6.23,Google Public DNS
559,2023-07-19,google_pdns_ratio,6.3,Google Public DNS
560,2023-07-20,google_pdns_ratio,5.3,Google Public DNS
561,2023-07-21,google_pdns_ratio,5.45,Google Public DNS
562,2023-07-22,google_pdns_ratio,5.27,Google Public DNS
563,2023-07-23,google_pdns_ratio,4.21,Google Public DNS
564,2023-07-24,google_pdns_ratio,4.71,Google Public DNS
565,2023-07-25,google_pdns_ratio,4.73,Google Public DNS
566,2023-07-26,google_pdns_ratio,4.84,Google Public DNS
567,2023-07-27,google_pdns_ratio,5.27,Google Public DNS
568,2023-07-28,google_pdns_ratio,4.92,Google Public DNS
569,2023-07-29,google_pdns_ratio,4.78,Google Public DNS
570,2023-07-30,google_pdns_ratio,4.57,Google Public DNS
571,2023-07-31,google_pdns_ratio,4.74,Google Public DNS
572,2023-08-01,google_pdns_ratio,4.84,Google Public DNS
573,2023-08-02,google_pdns_ratio,4.82,Google Public DNS
574,2023-08-03,google_pdns_ratio,5.09,Google Public DNS
575,2023-08-04,google_pdns_ratio,5.3,Google Public DNS
576,2023-08-05,google_pdns_ratio,5.47,Google Public DNS
577,2023-08-06,google_pdns_ratio,5.02,Google Public DNS
578,2023-08-07,google_pdns_ratio,4.88,Google Public DNS
579,2023-08-08,google_pdns_ratio,5.3,Google Public DNS
580,2023-08-09,google_pdns_ratio,5.34,Google Public DNS
581,2023-08-10,google_pdns_ratio,5.62,Google Public DNS
582,2023-08-11,google_pdns_ratio,6.23,Google Public DNS
583,2023-08-12,google_pdns_ratio,6.32,Google Public DNS
584,2023-08-13,google_pdns_ratio,5.91,Google Public DNS
585,2023-08-14,google_pdns_ratio,5.92,Google Public DNS
586,2023-08-15,google_pdns_ratio,5.75,Google Public DNS
587,2023-08-16,google_pdns_ratio,6.28,Google Public DNS
588,2023-08-17,google_pdns_ratio,6.17,Google Public DNS
589,2023-08-18,google_pdns_ratio,6.27,Google Public DNS
590,2023-08-19,google_pdns_ratio,6.45,Google Public DNS
591,2023-08-20,google_pdns_ratio,5.87,Google Public DNS
592,2023-08-21,google_pdns_ratio,6.11,Google Public DNS
593,2023-08-22,google_pdns_ratio,6.3,Google Public DNS
594,2023-08-23,google_pdns_ratio,6.83,Google Public DNS
595,2023-08-24,google_pdns_ratio,6.82,Google Public DNS
596,2023-08-25,google_pdns_ratio,6.28,Google Public DNS
597,2023-08-26,google_pdns_ratio,6.12,Google Public DNS
598,2023-08-27,google_pdns_ratio,5.29,Google Public DNS
599,2023-08-28,google_pdns_ratio,5.34,Google Public DNS
600,2023-08-29,google_pdns_ratio,5.25,Google Public DNS
601,2023-08-30,google_pdns_ratio,5.71,Google Public DNS
602,2023-08-31,google_pdns_ratio,6.03,Google Public DNS
603,2023-09-01,google_pdns_ratio,4.04,Google Public DNS
604,2023-09-02,google_pdns_ratio,6.08,Google Public DNS
605,2023-09-03,google_pdns_ratio,5.74,Google Public DNS
606,2023-09-04,google_pdns_ratio,6.23,Google Public DNS
607,2023-09-05,google_pdns_ratio,6.48,Google Public DNS
608,2023-09-06,google_pdns_ratio,6.36,Google Public DNS
609,2023-09-07,google_pdns_ratio,6.8,Google Public DNS
610,2023-09-08,google_pdns_ratio,7.75,Google Public DNS
611,2023-09-09,google_pdns_ratio,7.67,Google Public DNS
612,2023-09-10,google_pdns_ratio,6.69,Google Public DNS
613,2023-09-11,google_pdns_ratio,7.18,Google Public DNS
614,2023-09-12,google_pdns_ratio,7.14,Google Public DNS
615,2023-09-13,google_pdns_ratio,6.95,Google Public DNS
616,2023-09-14,google_pdns_ratio,7.75,Google Public DNS
617,2023-09-27,google_pdns_ratio,4.81,Google Public DNS
618,2023-09-28,google_pdns_ratio,6.17,Google Public DNS
619,2023-09-29,google_pdns_ratio,6.91,Google Public DNS
620,2023-09-30,google_pdns_ratio,6.1,Google Public DNS
621,2023-10-01,google_pdns_ratio,4.69,Google Public DNS
622,2023-10-02,google_pdns_ratio,5.53,Google Public DNS
623,2023-10-03,google_pdns_ratio,5.78,Google Public DNS
624,2023-10-04,google_pdns_ratio,5.49,Google Public DNS
625,2023-10-05,google_pdns_ratio,5.69,Google Public DNS
626,2023-10-06,google_pdns_ratio,6.0,Google Public DNS
627,2023-10-07,google_pdns_ratio,5.57,Google Public DNS
628,2023-10-08,google_pdns_ratio,4.95,Google Public DNS
629,2023-10-09,google_pdns_ratio,5.28,Google Public DNS
630,2023-10-10,google_pdns_ratio,5.48,Google Public DNS
631,2023-10-11,google_pdns_ratio,7.2,Google Public DNS
632,2023-10-12,google_pdns_ratio,8.38,Google Public DNS
633,2023-10-13,google_pdns_ratio,8.58,Google Public DNS
634,2023-10-14,google_pdns_ratio,6.77,Google Public DNS
635,2023-10-15,google_pdns_ratio,6.59,Google Public DNS
636,2023-10-16,google_pdns_ratio,7.6,Google Public DNS
637,2023-10-17,google_pdns_ratio,7.69,Google Public DNS
638,2023-10-18,google_pdns_ratio,7.08,Google Public DNS
639,2023-10-19,google_pdns_ratio,7.95,Google Public DNS
640,2023-10-21,google_pdns_ratio,7.74,Google Public DNS
641,2023-10-22,google_pdns_ratio,6.62,Google Public DNS
642,2023-10-23,google_pdns_ratio,6.83,Google Public DNS
643,2023-10-24,google_pdns_ratio,7.46,Google Public DNS
644,2023-10-25,google_pdns_ratio,7.52,Google Public DNS
645,2023-10-26,google_pdns_ratio,8.8,Google Public DNS
646,2023-10-27,google_pdns_ratio,8.19,Google Public DNS
647,2023-10-28,google_pdns_ratio,7.95,Google Public DNS
648,2023-10-29,google_pdns_ratio,6.26,Google Public DNS
649,2023-10-30,google_pdns_ratio,6.71,Google Public DNS
650,2023-10-31,google_pdns_ratio,6.91,Google Public DNS
651,2023-11-01,google_pdns_ratio,5.86,Google Public DNS
652,2023-11-02,google_pdns_ratio,6.04,Google Public DNS
653,2023-11-03,google_pdns_ratio,6.11,Google Public DNS
654,2023-11-04,google_pdns_ratio,6.0,Google Public DNS
655,2023-11-05,google_pdns_ratio,5.14,Google Public DNS
656,2023-11-06,google_pdns_ratio,7.02,Google Public DNS
657,2023-11-07,google_pdns_ratio,7.74,Google Public DNS
658,2023-11-08,google_pdns_ratio,6.98,Google Public DNS
659,2023-11-09,google_pdns_ratio,7.5,Google Public DNS
660,2023-11-10,google_pdns_ratio,8.46,Google Public DNS
661,2023-11-11,google_pdns_ratio,9.44,Google Public DNS
662,2023-11-12,google_pdns_ratio,7.31,Google Public DNS
663,2023-11-13,google_pdns_ratio,7.61,Google Public DNS
664,2023-11-14,google_pdns_ratio,7.84,Google Public DNS
665,2023-11-15,google_pdns_ratio,7.11,Google Public DNS
666,2023-11-16,google_pdns_ratio,6.73,Google Public DNS
667,2023-11-17,google_pdns_ratio,7.12,Google Public DNS
668,2023-11-18,google_pdns_ratio,6.42,Google Public DNS
669,2023-11-19,google_pdns_ratio,5.87,Google Public DNS
670,2023-11-20,google_pdns_ratio,5.96,Google Public DNS
671,2023-11-21,google_pdns_ratio,6.7,Google Public DNS
672,2023-11-22,google_pdns_ratio,6.05,Google Public DNS
673,2023-11-23,google_pdns_ratio,7.05,Google Public DNS
674,2023-11-24,google_pdns_ratio,6.7,Google Public DNS
675,2023-11-25,google_pdns_ratio,6.52,Google Public DNS
676,2023-11-26,google_pdns_ratio,6.94,Google Public DNS
677,2023-11-27,google_pdns_ratio,7.08,Google Public DNS
678,2023-11-28,google_pdns_ratio,7.23,Google Public DNS
679,2023-11-29,google_pdns_ratio,7.13,Google Public DNS
680,2023-11-30,google_pdns_ratio,7.94,Google Public DNS
681,2023-12-01,google_pdns_ratio,9.06,Google Public DNS
682,2023-12-02,google_pdns_ratio,7.85,Google Public DNS
683,2023-12-03,google_pdns_ratio,7.88,Google Public DNS
684,2023-12-04,google_pdns_ratio,7.75,Google Public DNS
685,2023-12-05,google_pdns_ratio,8.17,Google Public DNS
686,2023-12-06,google_pdns_ratio,8.44,Google Public DNS
687,2023-12-07,google_pdns_ratio,8.34,Google Public DNS
688,2023-12-08,google_pdns_ratio,8.41,Google Public DNS
689,2023-12-09,google_pdns_ratio,6.97,Google Public DNS
690,2023-12-10,google_pdns_ratio,6.46,Google Public DNS
691,2023-12-11,google_pdns_ratio,6.75,Google Public DNS
692,2023-12-12,google_pdns_ratio,7.91,Google Public DNS
693,2023-12-13,google_pdns_ratio,7.35,Google Public DNS
694,2023-12-14,google_pdns_ratio,8.84,Google Public DNS
695,2023-12-15,google_pdns_ratio,8.9,Google Public DNS
696,2023-12-16,google_pdns_ratio,7.68,Google Public DNS
697,2023-12-17,google_pdns_ratio,6.95,Google Public DNS
698,2023-12-18,google_pdns_ratio,7.27,Google Public DNS
699,2023-12-19,google_pdns_ratio,7.72,Google Public DNS
700,2023-12-20,google_pdns_ratio,7.95,Google Public DNS
701,2023-12-21,google_pdns_ratio,7.85,Google Public DNS
702,2023-12-22,google_pdns_ratio,7.95,Google Public DNS
703,2023-12-23,google_pdns_ratio,7.34,Google Public DNS
704,2023-12-24,google_pdns_ratio,8.44,Google Public DNS
705,2023-12-25,google_pdns_ratio,8.32,Google Public DNS
706,2023-12-26,google_pdns_ratio,6.6,Google Public DNS
707,2023-12-27,google_pdns_ratio,7.49,Google Public DNS
708,2023-12-28,google_pdns_ratio,7.64,Google Public DNS
709,2023-12-29,google_pdns_ratio,8.89,Google Public DNS
710,2023-12-30,google_pdns_ratio,7.23,Google Public DNS
711,2023-12-31,google_pdns_ratio,6.84,Google Public DNS
712,2024-01-01,google_pdns_ratio,6.54,Google Public DNS
713,2024-01-02,google_pdns_ratio,6.44,Google Public DNS
714,2024-01-03,google_pdns_ratio,6.85,Google Public DNS
715,2024-01-04,google_pdns_ratio,5.64,Google Public DNS
716,2024-01-05,google_pdns_ratio,5.94,Google Public DNS
717,2024-01-06,google_pdns_ratio,4.86,Google Public DNS
718,2024-01-07,google_pdns_ratio,5.28,Google Public DNS
719,2024-01-08,google_pdns_ratio,6.28,Google Public DNS
720,2024-01-09,google_pdns_ratio,5.41,Google Public DNS
721,2024-01-10,google_pdns_ratio,5.38,Google Public DNS
722,2024-01-11,google_pdns_ratio,6.08,Google Public DNS
723,2024-01-12,google_pdns_ratio,7.02,Google Public DNS
724,2024-01-13,google_pdns_ratio,5.9,Google Public DNS
725,2024-01-14,google_pdns_ratio,5.98,Google Public DNS
726,2024-01-15,google_pdns_ratio,6.29,Google Public DNS
727,2024-01-16,google_pdns_ratio,6.11,Google Public DNS
728,2024-01-17,google_pdns_ratio,5.33,Google Public DNS
729,2024-01-18,google_pdns_ratio,5.19,Google Public DNS
730,2024-01-19,google_pdns_ratio,4.88,Google Public DNS
731,2024-01-20,google_pdns_ratio,4.46,Google Public DNS
732,2024-01-21,google_pdns_ratio,4.02,Google Public DNS
733,2024-01-22,google_pdns_ratio,5.08,Google Public DNS
734,2024-01-23,google_pdns_ratio,5.12,Google Public DNS
735,2024-01-24,google_pdns_ratio,5.35,Google Public DNS
736,2024-01-25,google_pdns_ratio,5.48,Google Public DNS
737,2024-01-26,google_pdns_ratio,4.86,Google Public DNS
738,2024-01-27,google_pdns_ratio,4.07,Google Public DNS
739,2024-01-28,google_pdns_ratio,4.28,Google Public DNS
740,2024-01-29,google_pdns_ratio,5.17,Google Public DNS
741,2024-01-30,google_pdns_ratio,4.96,Google Public DNS
742,2024-01-31,google_pdns_ratio,4.87,Google Public DNS
743,2024-02-01,google_pdns_ratio,5.25,Google Public DNS
744,2024-02-02,google_pdns_ratio,5.11,Google Public DNS
745,2024-02-03,google_pdns_ratio,4.66,Google Public DNS
746,2024-02-04,google_pdns_ratio,4.23,Google Public DNS
747,2024-02-05,google_pdns_ratio,5.09,Google Public DNS
748,2024-02-06,google_pdns_ratio,5.08,Google Public DNS
749,2024-02-07,google_pdns_ratio,5.1,Google Public DNS
750,2024-02-08,google_pdns_ratio,4.82,Google Public DNS
751,2024-02-09,google_pdns_ratio,5.5,Google Public DNS
752,2024-02-10,google_pdns_ratio,5.47,Google Public DNS
753,2024-02-11,google_pdns_ratio,5.16,Google Public DNS
754,2024-02-12,google_pdns_ratio,5.52,Google Public DNS
755,2024-02-13,google_pdns_ratio,5.93,Google Public DNS
756,2024-02-14,google_pdns_ratio,5.84,Google Public DNS
757,2024-02-15,google_pdns_ratio,5.96,Google Public DNS
758,2024-02-16,google_pdns_ratio,5.19,Google Public DNS
759,2024-02-17,google_pdns_ratio,5.31,Google Public DNS
760,2024-02-18,google_pdns_ratio,4.73,Google Public DNS
761,2024-02-19,google_pdns_ratio,4.87,Google Public DNS
762,2024-02-20,google_pdns_ratio,4.86,Google Public DNS
763,2024-02-21,google_pdns_ratio,4.65,Google Public DNS
764,2024-02-22,google_pdns_ratio,4.87,Google Public DNS
765,2024-02-23,google_pdns_ratio,5.26,Google Public DNS
766,2024-02-24,google_pdns_ratio,5.09,Google Public DNS
767,2024-02-25,google_pdns_ratio,4.17,Google Public DNS
768,2024-02-26,google_pdns_ratio,4.65,Google Public DNS
769,2024-02-27,google_pdns_ratio,4.84,Google Public DNS
770,2024-02-28,google_pdns_ratio,5.28,Google Public DNS
771,2024-02-29,google_pdns_ratio,4.44,Google Public DNS
772,2024-03-01,google_pdns_ratio,5.22,Google Public DNS
773,2024-03-02,google_pdns_ratio,5.5,Google Public DNS
774,2024-03-03,google_pdns_ratio,4.26,Google Public DNS
775,2024-03-04,google_pdns_ratio,4.43,Google Public DNS
776,2024-03-05,google_pdns_ratio,4.97,Google Public DNS
777,2024-03-06,google_pdns_ratio,5.38,Google Public DNS
778,2024-03-07,google_pdns_ratio,5.08,Google Public DNS
779,2024-03-08,google_pdns_ratio,4.62,Google Public DNS
780,2024-03-09,google_pdns_ratio,4.55,Google Public DNS
781,2024-03-10,google_pdns_ratio,3.7,Google Public DNS
782,2024-03-11,google_pdns_ratio,4.43,Google Public DNS
783,2024-03-12,google_pdns_ratio,4.66,Google Public DNS
784,2024-03-13,google_pdns_ratio,4.46,Google Public DNS
785,2024-03-14,google_pdns_ratio,4.72,Google Public DNS
786,2024-03-15,google_pdns_ratio,4.54,Google Public DNS
787,2024-03-16,google_pdns_ratio,4.44,Google Public DNS
788,2024-03-17,google_pdns_ratio,3.76,Google Public DNS
789,2024-03-18,google_pdns_ratio,4.21,Google Public DNS
790,2024-03-19,google_pdns_ratio,4.59,Google Public DNS
791,2024-03-20,google_pdns_ratio,4.59,Google Public DNS
792,2024-03-21,google_pdns_ratio,5.24,Google Public DNS
793,2024-03-22,google_pdns_ratio,5.46,Google Public DNS
794,2024-03-23,google_pdns_ratio,4.3,Google Public DNS
795,2024-03-24,google_pdns_ratio,4.23,Google Public DNS
796,2024-03-25,google_pdns_ratio,5.15,Google Public DNS
797,2024-03-26,google_pdns_ratio,4.92,Google Public DNS
798,2024-03-27,google_pdns_ratio,5.38,Google Public DNS
799,2024-03-28,google_pdns_ratio,5.53,Google Public DNS
800,2024-03-29,google_pdns_ratio,5.18,Google Public DNS
801,2024-03-30,google_pdns_ratio,5.88,Google Public DNS
802,2024-03-31,google_pdns_ratio,5.09,Google Public DNS
803,2024-04-01,google_pdns_ratio,4.92,Google Public DNS
804,2024-04-02,google_pdns_ratio,5.83,Google Public DNS
805,2024-04-03,google_pdns_ratio,5.52,Google Public DNS
806,2024-04-04,google_pdns_ratio,7.79,Google Public DNS
807,2024-04-05,google_pdns_ratio,7.23,Google Public DNS
808,2024-04-06,google_pdns_ratio,5.84,Google Public DNS
809,2024-04-07,google_pdns_ratio,5.49,Google Public DNS
810,2024-04-08,google_pdns_ratio,5.4,Google Public DNS
811,2024-04-09,google_pdns_ratio,5.6,Google Public DNS
812,2024-04-10,google_pdns_ratio,6.3,Google Public DNS
813,2024-04-11,google_pdns_ratio,6.77,Google Public DNS
814,2024-04-12,google_pdns_ratio,5.83,Google Public DNS
815,2024-04-13,google_pdns_ratio,6.85,Google Public DNS
816,2024-04-14,google_pdns_ratio,5.87,Google Public DNS
817,2024-04-15,google_pdns_ratio,5.86,Google Public DNS
818,2024-04-16,google_pdns_ratio,6.55,Google Public DNS
819,2024-04-17,google_pdns_ratio,7.06,Google Public DNS
820,2024-04-18,google_pdns_ratio,6.23,Google Public DNS
821,2024-04-19,google_pdns_ratio,6.47,Google Public DNS
822,2024-04-20,google_pdns_ratio,5.46,Google Public DNS
823,2024-04-21,google_pdns_ratio,4.41,Google Public DNS
824,2024-04-22,google_pdns_ratio,5.35,Google Public DNS
825,2024-04-23,google_pdns_ratio,5.96,Google Public DNS
826,2024-04-24,google_pdns_ratio,5.58,Google Public DNS
827,2024-04-25,google_pdns_ratio,5.43,Google Public DNS
828,2024-04-26,google_pdns_ratio,5.65,Google Public DNS
829,2024-04-27,google_pdns_ratio,5.51,Google Public DNS
830,2024-04-28,google_pdns_ratio,4.35,Google Public DNS
831,2024-04-29,google_pdns_ratio,6.13,Google Public DNS
832,2024-04-30,google_pdns_ratio,5.78,Google Public DNS
833,2024-05-01,google_pdns_ratio,5.09,Google Public DNS
834,2024-05-02,google_pdns_ratio,6.56,Google Public DNS
835,2024-05-03,google_pdns_ratio,5.98,Google Public DNS
836,2024-05-04,google_pdns_ratio,5.3,Google Public DNS
837,2024-05-05,google_pdns_ratio,4.59,Google Public DNS
838,2024-05-06,google_pdns_ratio,6.16,Google Public DNS
839,2024-05-07,google_pdns_ratio,6.51,Google Public DNS
840,2024-05-08,google_pdns_ratio,5.02,Google Public DNS
841,2024-05-09,google_pdns_ratio,4.93,Google Public DNS
842,2024-05-10,google_pdns_ratio,5.39,Google Public DNS
843,2024-05-11,google_pdns_ratio,5.64,Google Public DNS
844,2024-05-12,google_pdns_ratio,4.18,Google Public DNS
845,2024-05-13,google_pdns_ratio,5.02,Google Public DNS
846,2024-05-14,google_pdns_ratio,5.48,Google Public DNS
847,2024-05-15,google_pdns_ratio,5.95,Google Public DNS
848,2024-05-16,google_pdns_ratio,6.51,Google Public DNS
849,2024-05-17,google_pdns_ratio,6.51,Google Public DNS
850,2024-05-18,google_pdns_ratio,5.79,Google Public DNS
851,2024-05-19,google_pdns_ratio,4.52,Google Public DNS
852,2024-05-20,google_pdns_ratio,3.94,Google Public DNS
853,2024-05-21,google_pdns_ratio,4.81,Google Public DNS
854,2024-05-22,google_pdns_ratio,4.12,Google Public DNS
855,2024-05-23,google_pdns_ratio,4.96,Google Public DNS
856,2024-05-24,google_pdns_ratio,4.73,Google Public DNS
857,2024-05-25,google_pdns_ratio,4.43,Google Public DNS
858,2024-05-26,google_pdns_ratio,3.53,Google Public DNS
859,2024-05-27,google_pdns_ratio,3.81,Google Public DNS
860,2024-05-28,google_pdns_ratio,3.97,Google Public DNS
861,2024-05-29,google_pdns_ratio,3.47,Google Public DNS
862,2024-05-30,google_pdns_ratio,3.8,Google Public DNS
863,2024-05-31,google_pdns_ratio,3.96,Google Public DNS
864,2024-06-01,google_pdns_ratio,3.87,Google Public DNS
865,2024-06-02,google_pdns_ratio,3.37,Google Public DNS
866,2024-06-03,google_pdns_ratio,4.5,Google Public DNS
867,2024-06-04,google_pdns_ratio,5.02,Google Public DNS
868,2022-01-01,all_open_res_ratio,16.32,All Open Resolvers
869,2022-01-02,all_open_res_ratio,14.07,All Open Resolvers
870,2022-01-03,all_open_res_ratio,15.74,All Open Resolvers
871,2022-01-04,all_open_res_ratio,17.97,All Open Resolvers
872,2022-01-05,all_open_res_ratio,18.65,All Open Resolvers
873,2022-01-06,all_open_res_ratio,19.13,All Open Resolvers
874,2022-01-07,all_open_res_ratio,18.97,All Open Resolvers
875,2022-01-08,all_open_res_ratio,16.79,All Open Resolvers
876,2022-01-09,all_open_res_ratio,15.33,All Open Resolvers
877,2022-01-10,all_open_res_ratio,18.14,All Open Resolvers
878,2022-01-11,all_open_res_ratio,20.65,All Open Resolvers
879,2022-01-12,all_open_res_ratio,22.19,All Open Resolvers
880,2022-01-13,all_open_res_ratio,24.64,All Open Resolvers
881,2022-01-14,all_open_res_ratio,25.07,All Open Resolvers
882,2022-01-15,all_open_res_ratio,22.33,All Open Resolvers
883,2022-01-16,all_open_res_ratio,20.08,All Open Resolvers
884,2022-01-17,all_open_res_ratio,22.24,All Open Resolvers
885,2022-01-18,all_open_res_ratio,22.95,All Open Resolvers
886,2022-01-19,all_open_res_ratio,23.45,All Open Resolvers
887,2022-01-20,all_open_res_ratio,23.43,All Open Resolvers
888,2022-01-21,all_open_res_ratio,23.31,All Open Resolvers
889,2022-01-22,all_open_res_ratio,21.94,All Open Resolvers
890,2022-01-23,all_open_res_ratio,20.48,All Open Resolvers
891,2022-01-24,all_open_res_ratio,22.12,All Open Resolvers
892,2022-01-25,all_open_res_ratio,22.87,All Open Resolvers
893,2022-01-26,all_open_res_ratio,23.2,All Open Resolvers
894,2022-01-27,all_open_res_ratio,26.1,All Open Resolvers
895,2022-01-28,all_open_res_ratio,23.54,All Open Resolvers
896,2022-01-29,all_open_res_ratio,22.56,All Open Resolvers
897,2022-01-30,all_open_res_ratio,20.92,All Open Resolvers
898,2022-01-31,all_open_res_ratio,23.23,All Open Resolvers
899,2022-02-01,all_open_res_ratio,23.07,All Open Resolvers
900,2022-02-02,all_open_res_ratio,22.38,All Open Resolvers
901,2022-02-03,all_open_res_ratio,23.91,All Open Resolvers
902,2022-02-04,all_open_res_ratio,25.61,All Open Resolvers
903,2022-02-05,all_open_res_ratio,23.2,All Open Resolvers
904,2022-02-06,all_open_res_ratio,22.12,All Open Resolvers
905,2022-02-07,all_open_res_ratio,24.46,All Open Resolvers
906,2022-02-08,all_open_res_ratio,23.19,All Open Resolvers
907,2022-02-09,all_open_res_ratio,23.51,All Open Resolvers
908,2022-02-10,all_open_res_ratio,24.95,All Open Resolvers
909,2022-02-11,all_open_res_ratio,23.67,All Open Resolvers
910,2022-02-12,all_open_res_ratio,23.25,All Open Resolvers
911,2022-02-13,all_open_res_ratio,22.21,All Open Resolvers
912,2022-02-14,all_open_res_ratio,22.97,All Open Resolvers
913,2022-02-15,all_open_res_ratio,22.75,All Open Resolvers
914,2022-02-16,all_open_res_ratio,22.43,All Open Resolvers
915,2022-02-17,all_open_res_ratio,24.48,All Open Resolvers
916,2022-02-18,all_open_res_ratio,25.19,All Open Resolvers
917,2022-02-19,all_open_res_ratio,24.27,All Open Resolvers
918,2022-02-20,all_open_res_ratio,23.7,All Open Resolvers
919,2022-02-21,all_open_res_ratio,25.73,All Open Resolvers
920,2022-02-22,all_open_res_ratio,25.82,All Open Resolvers
921,2022-02-23,all_open_res_ratio,26.12,All Open Resolvers
922,2022-02-24,all_open_res_ratio,26.72,All Open Resolvers
923,2022-02-25,all_open_res_ratio,26.03,All Open Resolvers
924,2022-02-26,all_open_res_ratio,24.7,All Open Resolvers
925,2022-02-27,all_open_res_ratio,23.68,All Open Resolvers
926,2022-02-28,all_open_res_ratio,24.49,All Open Resolvers
927,2022-03-01,all_open_res_ratio,26.28,All Open Resolvers
928,2022-03-02,all_open_res_ratio,23.96,All Open Resolvers
929,2022-03-03,all_open_res_ratio,25.01,All Open Resolvers
930,2022-03-04,all_open_res_ratio,23.65,All Open Resolvers
931,2022-03-05,all_open_res_ratio,21.46,All Open Resolvers
932,2022-03-06,all_open_res_ratio,21.64,All Open Resolvers
933,2022-03-07,all_open_res_ratio,24.24,All Open Resolvers
934,2022-03-08,all_open_res_ratio,24.48,All Open Resolvers
935,2022-03-09,all_open_res_ratio,23.33,All Open Resolvers
936,2022-03-10,all_open_res_ratio,25.41,All Open Resolvers
937,2022-03-11,all_open_res_ratio,24.28,All Open Resolvers
938,2022-03-12,all_open_res_ratio,22.51,All Open Resolvers
939,2022-03-13,all_open_res_ratio,22.26,All Open Resolvers
940,2022-03-14,all_open_res_ratio,24.34,All Open Resolvers
941,2022-03-15,all_open_res_ratio,22.71,All Open Resolvers
942,2022-03-16,all_open_res_ratio,22.65,All Open Resolvers
943,2022-03-17,all_open_res_ratio,25.36,All Open Resolvers
944,2022-03-18,all_open_res_ratio,29.87,All Open Resolvers
945,2022-03-19,all_open_res_ratio,27.48,All Open Resolvers
946,2022-03-20,all_open_res_ratio,27.16,All Open Resolvers
947,2022-03-21,all_open_res_ratio,27.81,All Open Resolvers
948,2022-03-22,all_open_res_ratio,31.18,All Open Resolvers
949,2022-03-23,all_open_res_ratio,33.18,All Open Resolvers
950,2022-03-24,all_open_res_ratio,37.83,All Open Resolvers
951,2022-03-25,all_open_res_ratio,35.93,All Open Resolvers
952,2022-03-26,all_open_res_ratio,33.39,All Open Resolvers
953,2022-03-27,all_open_res_ratio,33.04,All Open Resolvers
954,2022-03-28,all_open_res_ratio,33.67,All Open Resolvers
955,2022-03-29,all_open_res_ratio,31.15,All Open Resolvers
956,2022-03-30,all_open_res_ratio,32.36,All Open Resolvers
957,2022-03-31,all_open_res_ratio,35.02,All Open Resolvers
958,2022-04-01,all_open_res_ratio,34.15,All Open Resolvers
959,2022-04-02,all_open_res_ratio,29.47,All Open Resolvers
960,2022-04-03,all_open_res_ratio,31.57,All Open Resolvers
961,2022-04-04,all_open_res_ratio,33.72,All Open Resolvers
962,2022-04-05,all_open_res_ratio,33.28,All Open Resolvers
963,2022-04-06,all_open_res_ratio,28.12,All Open Resolvers
964,2022-04-07,all_open_res_ratio,32.75,All Open Resolvers
965,2022-04-08,all_open_res_ratio,33.3,All Open Resolvers
966,2022-04-09,all_open_res_ratio,28.1,All Open Resolvers
967,2022-04-10,all_open_res_ratio,26.75,All Open Resolvers
968,2022-04-11,all_open_res_ratio,28.79,All Open Resolvers
969,2022-04-12,all_open_res_ratio,27.98,All Open Resolvers
970,2022-04-13,all_open_res_ratio,26.55,All Open Resolvers
971,2022-04-14,all_open_res_ratio,30.37,All Open Resolvers
972,2022-04-15,all_open_res_ratio,30.64,All Open Resolvers
973,2022-04-16,all_open_res_ratio,31.68,All Open Resolvers
974,2022-04-17,all_open_res_ratio,30.64,All Open Resolvers
975,2022-04-18,all_open_res_ratio,27.66,All Open Resolvers
976,2022-04-19,all_open_res_ratio,30.76,All Open Resolvers
977,2022-04-20,all_open_res_ratio,26.88,All Open Resolvers
978,2022-04-21,all_open_res_ratio,29.5,All Open Resolvers
979,2022-04-22,all_open_res_ratio,29.38,All Open Resolvers
980,2022-04-23,all_open_res_ratio,26.99,All Open Resolvers
981,2022-04-24,all_open_res_ratio,26.35,All Open Resolvers
982,2022-04-25,all_open_res_ratio,28.73,All Open Resolvers
983,2022-04-26,all_open_res_ratio,35.04,All Open Resolvers
984,2022-04-27,all_open_res_ratio,38.01,All Open Resolvers
985,2022-04-28,all_open_res_ratio,41.59,All Open Resolvers
986,2022-04-29,all_open_res_ratio,40.12,All Open Resolvers
987,2022-04-30,all_open_res_ratio,38.98,All Open Resolvers
988,2022-05-01,all_open_res_ratio,36.73,All Open Resolvers
989,2022-05-02,all_open_res_ratio,39.64,All Open Resolvers
990,2022-05-03,all_open_res_ratio,40.72,All Open Resolvers
991,2022-05-04,all_open_res_ratio,40.08,All Open Resolvers
992,2022-05-05,all_open_res_ratio,40.15,All Open Resolvers
993,2022-05-06,all_open_res_ratio,35.57,All Open Resolvers
994,2022-05-07,all_open_res_ratio,37.1,All Open Resolvers
995,2022-05-08,all_open_res_ratio,35.04,All Open Resolvers
996,2022-05-09,all_open_res_ratio,38.85,All Open Resolvers
997,2022-05-10,all_open_res_ratio,39.3,All Open Resolvers
998,2022-05-12,all_open_res_ratio,40.59,All Open Resolvers
999,2022-05-13,all_open_res_ratio,44.46,All Open Resolvers
1000,2022-05-14,all_open_res_ratio,39.33,All Open Resolvers
1001,2022-05-15,all_open_res_ratio,37.8,All Open Resolvers
1002,2022-05-16,all_open_res_ratio,39.0,All Open Resolvers
1003,2022-05-17,all_open_res_ratio,41.24,All Open Resolvers
1004,2022-05-18,all_open_res_ratio,39.63,All Open Resolvers
1005,2022-05-19,all_open_res_ratio,41.55,All Open Resolvers
1006,2022-05-20,all_open_res_ratio,37.97,All Open Resolvers
1007,2022-05-21,all_open_res_ratio,35.95,All Open Resolvers
1008,2022-05-22,all_open_res_ratio,34.65,All Open Resolvers
1009,2022-05-23,all_open_res_ratio,35.47,All Open Resolvers
1010,2022-05-24,all_open_res_ratio,37.52,All Open Resolvers
1011,2022-05-25,all_open_res_ratio,36.27,All Open Resolvers
1012,2022-05-26,all_open_res_ratio,34.09,All Open Resolvers
1013,2022-05-27,all_open_res_ratio,37.18,All Open Resolvers
1014,2022-05-28,all_open_res_ratio,37.71,All Open Resolvers
1015,2022-05-29,all_open_res_ratio,34.62,All Open Resolvers
1016,2022-05-30,all_open_res_ratio,36.12,All Open Resolvers
1017,2022-05-31,all_open_res_ratio,35.3,All Open Resolvers
1018,2022-06-01,all_open_res_ratio,34.97,All Open Resolvers
1019,2022-06-02,all_open_res_ratio,36.31,All Open Resolvers
1020,2022-06-03,all_open_res_ratio,35.55,All Open Resolvers
1021,2022-06-04,all_open_res_ratio,35.05,All Open Resolvers
1022,2022-06-05,all_open_res_ratio,32.95,All Open Resolvers
1023,2022-06-06,all_open_res_ratio,31.38,All Open Resolvers
1024,2022-06-07,all_open_res_ratio,34.62,All Open Resolvers
1025,2022-06-08,all_open_res_ratio,33.57,All Open Resolvers
1026,2022-06-09,all_open_res_ratio,36.4,All Open Resolvers
1027,2022-06-10,all_open_res_ratio,35.54,All Open Resolvers
1028,2022-06-11,all_open_res_ratio,34.87,All Open Resolvers
1029,2022-06-12,all_open_res_ratio,32.14,All Open Resolvers
1030,2022-06-13,all_open_res_ratio,33.35,All Open Resolvers
1031,2022-06-14,all_open_res_ratio,35.32,All Open Resolvers
1032,2022-06-15,all_open_res_ratio,33.25,All Open Resolvers
1033,2022-06-16,all_open_res_ratio,36.02,All Open Resolvers
1034,2022-06-17,all_open_res_ratio,35.53,All Open Resolvers
1035,2022-06-18,all_open_res_ratio,33.79,All Open Resolvers
1036,2022-06-19,all_open_res_ratio,33.53,All Open Resolvers
1037,2022-06-20,all_open_res_ratio,32.5,All Open Resolvers
1038,2022-06-21,all_open_res_ratio,34.52,All Open Resolvers
1039,2022-06-22,all_open_res_ratio,33.36,All Open Resolvers
1040,2022-06-23,all_open_res_ratio,35.75,All Open Resolvers
1041,2022-06-24,all_open_res_ratio,35.33,All Open Resolvers
1042,2022-06-25,all_open_res_ratio,31.34,All Open Resolvers
1043,2022-06-26,all_open_res_ratio,28.63,All Open Resolvers
1044,2022-06-27,all_open_res_ratio,31.85,All Open Resolvers
1045,2022-06-28,all_open_res_ratio,32.5,All Open Resolvers
1046,2022-06-29,all_open_res_ratio,33.32,All Open Resolvers
1047,2022-06-30,all_open_res_ratio,34.24,All Open Resolvers
1048,2022-07-01,all_open_res_ratio,34.11,All Open Resolvers
1049,2022-07-02,all_open_res_ratio,32.95,All Open Resolvers
1050,2022-07-03,all_open_res_ratio,28.73,All Open Resolvers
1051,2022-07-04,all_open_res_ratio,30.64,All Open Resolvers
1052,2022-07-05,all_open_res_ratio,32.26,All Open Resolvers
1053,2022-07-06,all_open_res_ratio,32.25,All Open Resolvers
1054,2022-07-07,all_open_res_ratio,31.32,All Open Resolvers
1055,2022-07-08,all_open_res_ratio,31.51,All Open Resolvers
1056,2022-07-09,all_open_res_ratio,31.59,All Open Resolvers
1057,2022-07-10,all_open_res_ratio,30.69,All Open Resolvers
1058,2022-07-11,all_open_res_ratio,31.97,All Open Resolvers
1059,2022-07-12,all_open_res_ratio,31.35,All Open Resolvers
1060,2022-07-13,all_open_res_ratio,31.39,All Open Resolvers
1061,2022-07-14,all_open_res_ratio,30.55,All Open Resolvers
1062,2022-07-15,all_open_res_ratio,28.92,All Open Resolvers
1063,2022-07-16,all_open_res_ratio,28.69,All Open Resolvers
1064,2022-07-17,all_open_res_ratio,26.89,All Open Resolvers
1065,2022-07-18,all_open_res_ratio,27.14,All Open Resolvers
1066,2022-07-19,all_open_res_ratio,30.33,All Open Resolvers
1067,2022-07-20,all_open_res_ratio,28.34,All Open Resolvers
1068,2022-07-21,all_open_res_ratio,28.56,All Open Resolvers
1069,2022-07-22,all_open_res_ratio,25.12,All Open Resolvers
1070,2022-07-23,all_open_res_ratio,23.12,All Open Resolvers
1071,2022-07-24,all_open_res_ratio,21.66,All Open Resolvers
1072,2022-07-25,all_open_res_ratio,22.59,All Open Resolvers
1073,2022-07-26,all_open_res_ratio,21.67,All Open Resolvers
1074,2022-07-27,all_open_res_ratio,21.69,All Open Resolvers
1075,2022-07-28,all_open_res_ratio,19.8,All Open Resolvers
1076,2022-07-29,all_open_res_ratio,19.04,All Open Resolvers
1077,2022-07-30,all_open_res_ratio,18.18,All Open Resolvers
1078,2022-07-31,all_open_res_ratio,17.35,All Open Resolvers
1079,2022-08-01,all_open_res_ratio,17.76,All Open Resolvers
1080,2022-08-02,all_open_res_ratio,17.46,All Open Resolvers
1081,2022-08-03,all_open_res_ratio,17.82,All Open Resolvers
1082,2022-08-04,all_open_res_ratio,19.26,All Open Resolvers
1083,2022-08-05,all_open_res_ratio,20.09,All Open Resolvers
1084,2022-08-06,all_open_res_ratio,18.99,All Open Resolvers
1085,2022-08-07,all_open_res_ratio,18.15,All Open Resolvers
1086,2022-08-08,all_open_res_ratio,19.13,All Open Resolvers
1087,2022-08-09,all_open_res_ratio,19.5,All Open Resolvers
1088,2022-08-10,all_open_res_ratio,19.74,All Open Resolvers
1089,2022-08-11,all_open_res_ratio,19.54,All Open Resolvers
1090,2022-08-12,all_open_res_ratio,18.74,All Open Resolvers
1091,2022-08-13,all_open_res_ratio,19.68,All Open Resolvers
1092,2022-08-14,all_open_res_ratio,16.83,All Open Resolvers
1093,2022-08-15,all_open_res_ratio,16.27,All Open Resolvers
1094,2022-08-16,all_open_res_ratio,17.67,All Open Resolvers
1095,2022-08-17,all_open_res_ratio,17.06,All Open Resolvers
1096,2022-08-18,all_open_res_ratio,18.55,All Open Resolvers
1097,2022-08-19,all_open_res_ratio,19.44,All Open Resolvers
1098,2022-08-20,all_open_res_ratio,17.17,All Open Resolvers
1099,2022-08-21,all_open_res_ratio,16.6,All Open Resolvers
1100,2022-08-22,all_open_res_ratio,18.17,All Open Resolvers
1101,2022-08-23,all_open_res_ratio,17.73,All Open Resolvers
1102,2022-08-24,all_open_res_ratio,18.33,All Open Resolvers
1103,2022-08-25,all_open_res_ratio,18.32,All Open Resolvers
1104,2022-08-26,all_open_res_ratio,19.18,All Open Resolvers
1105,2022-08-27,all_open_res_ratio,17.47,All Open Resolvers
1106,2022-08-28,all_open_res_ratio,17.68,All Open Resolvers
1107,2022-08-29,all_open_res_ratio,17.42,All Open Resolvers
1108,2022-08-30,all_open_res_ratio,19.17,All Open Resolvers
1109,2022-08-31,all_open_res_ratio,17.34,All Open Resolvers
1110,2022-09-01,all_open_res_ratio,21.38,All Open Resolvers
1111,2022-09-02,all_open_res_ratio,19.96,All Open Resolvers
1112,2022-09-03,all_open_res_ratio,18.9,All Open Resolvers
1113,2022-09-04,all_open_res_ratio,18.39,All Open Resolvers
1114,2022-09-05,all_open_res_ratio,20.71,All Open Resolvers
1115,2022-09-06,all_open_res_ratio,20.97,All Open Resolvers
1116,2022-09-07,all_open_res_ratio,19.61,All Open Resolvers
1117,2022-09-08,all_open_res_ratio,19.55,All Open Resolvers
1118,2022-09-09,all_open_res_ratio,20.53,All Open Resolvers
1119,2022-09-10,all_open_res_ratio,18.67,All Open Resolvers
1120,2022-09-11,all_open_res_ratio,18.0,All Open Resolvers
1121,2022-09-12,all_open_res_ratio,19.43,All Open Resolvers
1122,2022-09-13,all_open_res_ratio,19.48,All Open Resolvers
1123,2022-09-14,all_open_res_ratio,18.32,All Open Resolvers
1124,2022-09-15,all_open_res_ratio,20.66,All Open Resolvers
1125,2022-09-16,all_open_res_ratio,20.2,All Open Resolvers
1126,2022-09-17,all_open_res_ratio,17.98,All Open Resolvers
1127,2022-09-18,all_open_res_ratio,16.72,All Open Resolvers
1128,2022-09-19,all_open_res_ratio,17.59,All Open Resolvers
1129,2022-09-20,all_open_res_ratio,16.88,All Open Resolvers
1130,2022-09-21,all_open_res_ratio,14.77,All Open Resolvers
1131,2022-09-22,all_open_res_ratio,13.94,All Open Resolvers
1132,2022-09-23,all_open_res_ratio,13.28,All Open Resolvers
1133,2022-09-24,all_open_res_ratio,11.34,All Open Resolvers
1134,2022-09-25,all_open_res_ratio,12.14,All Open Resolvers
1135,2022-09-26,all_open_res_ratio,11.31,All Open Resolvers
1136,2022-09-27,all_open_res_ratio,11.94,All Open Resolvers
1137,2022-09-28,all_open_res_ratio,11.54,All Open Resolvers
1138,2022-09-29,all_open_res_ratio,11.08,All Open Resolvers
1139,2022-09-30,all_open_res_ratio,11.53,All Open Resolvers
1140,2022-10-01,all_open_res_ratio,10.59,All Open Resolvers
1141,2022-10-02,all_open_res_ratio,9.88,All Open Resolvers
1142,2022-10-03,all_open_res_ratio,10.52,All Open Resolvers
1143,2022-10-04,all_open_res_ratio,11.62,All Open Resolvers
1144,2022-10-05,all_open_res_ratio,11.5,All Open Resolvers
1145,2022-10-06,all_open_res_ratio,11.41,All Open Resolvers
1146,2022-10-07,all_open_res_ratio,11.49,All Open Resolvers
1147,2022-10-08,all_open_res_ratio,11.09,All Open Resolvers
1148,2022-10-09,all_open_res_ratio,10.16,All Open Resolvers
1149,2022-10-10,all_open_res_ratio,11.28,All Open Resolvers
1150,2022-10-11,all_open_res_ratio,12.68,All Open Resolvers
1151,2022-10-12,all_open_res_ratio,11.9,All Open Resolvers
1152,2022-10-13,all_open_res_ratio,11.77,All Open Resolvers
1153,2022-10-14,all_open_res_ratio,14.82,All Open Resolvers
1154,2022-10-15,all_open_res_ratio,15.07,All Open Resolvers
1155,2022-10-16,all_open_res_ratio,13.43,All Open Resolvers
1156,2022-10-17,all_open_res_ratio,13.47,All Open Resolvers
1157,2022-10-18,all_open_res_ratio,15.08,All Open Resolvers
1158,2022-10-19,all_open_res_ratio,15.59,All Open Resolvers
1159,2022-10-20,all_open_res_ratio,15.93,All Open Resolvers
1160,2022-10-21,all_open_res_ratio,14.71,All Open Resolvers
1161,2022-10-22,all_open_res_ratio,14.56,All Open Resolvers
1162,2022-10-23,all_open_res_ratio,13.6,All Open Resolvers
1163,2022-10-24,all_open_res_ratio,12.78,All Open Resolvers
1164,2022-10-25,all_open_res_ratio,14.83,All Open Resolvers
1165,2022-10-26,all_open_res_ratio,14.66,All Open Resolvers
1166,2022-10-27,all_open_res_ratio,15.16,All Open Resolvers
1167,2022-10-28,all_open_res_ratio,14.23,All Open Resolvers
1168,2022-10-29,all_open_res_ratio,14.83,All Open Resolvers
1169,2022-10-30,all_open_res_ratio,13.34,All Open Resolvers
1170,2022-10-31,all_open_res_ratio,13.16,All Open Resolvers
1171,2022-11-01,all_open_res_ratio,11.59,All Open Resolvers
1172,2022-11-02,all_open_res_ratio,13.53,All Open Resolvers
1173,2022-11-03,all_open_res_ratio,12.89,All Open Resolvers
1174,2022-11-04,all_open_res_ratio,11.31,All Open Resolvers
1175,2022-11-05,all_open_res_ratio,10.82,All Open Resolvers
1176,2022-11-06,all_open_res_ratio,10.3,All Open Resolvers
1177,2022-11-07,all_open_res_ratio,12.04,All Open Resolvers
1178,2022-11-08,all_open_res_ratio,13.12,All Open Resolvers
1179,2022-11-09,all_open_res_ratio,12.52,All Open Resolvers
1180,2022-11-10,all_open_res_ratio,12.91,All Open Resolvers
1181,2022-11-11,all_open_res_ratio,10.99,All Open Resolvers
1182,2022-11-12,all_open_res_ratio,11.02,All Open Resolvers
1183,2022-11-13,all_open_res_ratio,10.88,All Open Resolvers
1184,2022-11-14,all_open_res_ratio,11.18,All Open Resolvers
1185,2022-11-15,all_open_res_ratio,11.49,All Open Resolvers
1186,2022-11-16,all_open_res_ratio,11.47,All Open Resolvers
1187,2022-11-17,all_open_res_ratio,11.67,All Open Resolvers
1188,2022-11-18,all_open_res_ratio,10.89,All Open Resolvers
1189,2022-11-19,all_open_res_ratio,9.73,All Open Resolvers
1190,2022-11-20,all_open_res_ratio,9.19,All Open Resolvers
1191,2022-11-21,all_open_res_ratio,10.21,All Open Resolvers
1192,2022-11-22,all_open_res_ratio,10.84,All Open Resolvers
1193,2022-11-23,all_open_res_ratio,10.33,All Open Resolvers
1194,2022-11-24,all_open_res_ratio,11.52,All Open Resolvers
1195,2022-11-25,all_open_res_ratio,12.85,All Open Resolvers
1196,2022-11-26,all_open_res_ratio,12.11,All Open Resolvers
1197,2022-11-27,all_open_res_ratio,9.9,All Open Resolvers
1198,2022-11-28,all_open_res_ratio,10.69,All Open Resolvers
1199,2022-11-29,all_open_res_ratio,10.06,All Open Resolvers
1200,2022-11-30,all_open_res_ratio,9.95,All Open Resolvers
1201,2022-12-01,all_open_res_ratio,9.42,All Open Resolvers
1202,2022-12-02,all_open_res_ratio,9.1,All Open Resolvers
1203,2022-12-03,all_open_res_ratio,8.85,All Open Resolvers
1204,2022-12-04,all_open_res_ratio,8.15,All Open Resolvers
1205,2022-12-05,all_open_res_ratio,8.95,All Open Resolvers
1206,2022-12-06,all_open_res_ratio,6.44,All Open Resolvers
1207,2022-12-07,all_open_res_ratio,8.56,All Open Resolvers
1208,2022-12-08,all_open_res_ratio,9.74,All Open Resolvers
1209,2022-12-09,all_open_res_ratio,10.5,All Open Resolvers
1210,2022-12-10,all_open_res_ratio,9.73,All Open Resolvers
1211,2022-12-11,all_open_res_ratio,9.52,All Open Resolvers
1212,2022-12-12,all_open_res_ratio,10.04,All Open Resolvers
1213,2022-12-13,all_open_res_ratio,8.98,All Open Resolvers
1214,2022-12-14,all_open_res_ratio,7.47,All Open Resolvers
1215,2022-12-15,all_open_res_ratio,6.52,All Open Resolvers
1216,2022-12-16,all_open_res_ratio,7.47,All Open Resolvers
1217,2022-12-17,all_open_res_ratio,7.18,All Open Resolvers
1218,2022-12-18,all_open_res_ratio,7.01,All Open Resolvers
1219,2022-12-19,all_open_res_ratio,7.0,All Open Resolvers
1220,2022-12-20,all_open_res_ratio,7.28,All Open Resolvers
1221,2022-12-21,all_open_res_ratio,7.68,All Open Resolvers
1222,2022-12-22,all_open_res_ratio,7.89,All Open Resolvers
1223,2022-12-23,all_open_res_ratio,8.03,All Open Resolvers
1224,2022-12-24,all_open_res_ratio,9.52,All Open Resolvers
1225,2022-12-25,all_open_res_ratio,8.54,All Open Resolvers
1226,2022-12-26,all_open_res_ratio,7.56,All Open Resolvers
1227,2022-12-27,all_open_res_ratio,7.53,All Open Resolvers
1228,2022-12-28,all_open_res_ratio,7.75,All Open Resolvers
1229,2022-12-29,all_open_res_ratio,7.77,All Open Resolvers
1230,2022-12-30,all_open_res_ratio,7.56,All Open Resolvers
1231,2022-12-31,all_open_res_ratio,8.09,All Open Resolvers
1232,2023-01-01,all_open_res_ratio,9.01,All Open Resolvers
1233,2023-01-02,all_open_res_ratio,8.26,All Open Resolvers
1234,2023-01-03,all_open_res_ratio,7.67,All Open Resolvers
1235,2023-01-04,all_open_res_ratio,7.3,All Open Resolvers
1236,2023-01-05,all_open_res_ratio,7.63,All Open Resolvers
1237,2023-01-06,all_open_res_ratio,7.64,All Open Resolvers
1238,2023-01-07,all_open_res_ratio,6.79,All Open Resolvers
1239,2023-01-08,all_open_res_ratio,6.5,All Open Resolvers
1240,2023-01-09,all_open_res_ratio,7.32,All Open Resolvers
1241,2023-01-10,all_open_res_ratio,9.31,All Open Resolvers
1242,2023-01-11,all_open_res_ratio,7.91,All Open Resolvers
1243,2023-01-12,all_open_res_ratio,8.27,All Open Resolvers
1244,2023-01-13,all_open_res_ratio,8.19,All Open Resolvers
1245,2023-01-14,all_open_res_ratio,7.52,All Open Resolvers
1246,2023-01-15,all_open_res_ratio,7.06,All Open Resolvers
1247,2023-01-16,all_open_res_ratio,7.26,All Open Resolvers
1248,2023-01-17,all_open_res_ratio,7.1,All Open Resolvers
1249,2023-01-18,all_open_res_ratio,7.01,All Open Resolvers
1250,2023-01-19,all_open_res_ratio,7.11,All Open Resolvers
1251,2023-01-20,all_open_res_ratio,7.06,All Open Resolvers
1252,2023-01-21,all_open_res_ratio,6.8,All Open Resolvers
1253,2023-01-22,all_open_res_ratio,6.28,All Open Resolvers
1254,2023-01-23,all_open_res_ratio,6.94,All Open Resolvers
1255,2023-01-24,all_open_res_ratio,6.82,All Open Resolvers
1256,2023-01-25,all_open_res_ratio,3.92,All Open Resolvers
1257,2023-01-26,all_open_res_ratio,4.66,All Open Resolvers
1258,2023-01-27,all_open_res_ratio,4.67,All Open Resolvers
1259,2023-01-28,all_open_res_ratio,3.38,All Open Resolvers
1260,2023-01-31,all_open_res_ratio,8.02,All Open Resolvers
1261,2023-02-01,all_open_res_ratio,6.42,All Open Resolvers
1262,2023-02-02,all_open_res_ratio,6.5,All Open Resolvers
1263,2023-02-03,all_open_res_ratio,6.93,All Open Resolvers
1264,2023-02-04,all_open_res_ratio,6.25,All Open Resolvers
1265,2023-02-05,all_open_res_ratio,5.66,All Open Resolvers
1266,2023-02-06,all_open_res_ratio,6.43,All Open Resolvers
1267,2023-02-07,all_open_res_ratio,6.5,All Open Resolvers
1268,2023-02-08,all_open_res_ratio,6.41,All Open Resolvers
1269,2023-02-09,all_open_res_ratio,6.69,All Open Resolvers
1270,2023-02-10,all_open_res_ratio,6.62,All Open Resolvers
1271,2023-02-11,all_open_res_ratio,6.22,All Open Resolvers
1272,2023-02-12,all_open_res_ratio,5.79,All Open Resolvers
1273,2023-02-13,all_open_res_ratio,6.65,All Open Resolvers
1274,2023-02-14,all_open_res_ratio,6.4,All Open Resolvers
1275,2023-02-15,all_open_res_ratio,6.21,All Open Resolvers
1276,2023-02-16,all_open_res_ratio,6.22,All Open Resolvers
1277,2023-02-17,all_open_res_ratio,6.21,All Open Resolvers
1278,2023-02-18,all_open_res_ratio,6.09,All Open Resolvers
1279,2023-02-19,all_open_res_ratio,5.65,All Open Resolvers
1280,2023-02-20,all_open_res_ratio,6.21,All Open Resolvers
1281,2023-02-21,all_open_res_ratio,6.27,All Open Resolvers
1282,2023-02-22,all_open_res_ratio,6.08,All Open Resolvers
1283,2023-02-23,all_open_res_ratio,6.09,All Open Resolvers
1284,2023-02-24,all_open_res_ratio,5.66,All Open Resolvers
1285,2023-02-25,all_open_res_ratio,5.41,All Open Resolvers
1286,2023-02-26,all_open_res_ratio,5.1,All Open Resolvers
1287,2023-02-27,all_open_res_ratio,5.56,All Open Resolvers
1288,2023-02-28,all_open_res_ratio,5.46,All Open Resolvers
1289,2023-03-01,all_open_res_ratio,5.7,All Open Resolvers
1290,2023-03-02,all_open_res_ratio,6.42,All Open Resolvers
1291,2023-03-03,all_open_res_ratio,5.98,All Open Resolvers
1292,2023-03-04,all_open_res_ratio,5.81,All Open Resolvers
1293,2023-03-05,all_open_res_ratio,5.41,All Open Resolvers
1294,2023-03-06,all_open_res_ratio,5.88,All Open Resolvers
1295,2023-03-07,all_open_res_ratio,4.67,All Open Resolvers
1296,2023-03-08,all_open_res_ratio,5.61,All Open Resolvers
1297,2023-03-09,all_open_res_ratio,6.28,All Open Resolvers
1298,2023-03-10,all_open_res_ratio,5.97,All Open Resolvers
1299,2023-03-11,all_open_res_ratio,5.66,All Open Resolvers
1300,2023-03-12,all_open_res_ratio,5.73,All Open Resolvers
1301,2023-03-13,all_open_res_ratio,6.34,All Open Resolvers
1302,2023-03-14,all_open_res_ratio,5.7,All Open Resolvers
1303,2023-03-15,all_open_res_ratio,6.03,All Open Resolvers
1304,2023-03-16,all_open_res_ratio,6.99,All Open Resolvers
1305,2023-03-17,all_open_res_ratio,6.79,All Open Resolvers
1306,2023-03-18,all_open_res_ratio,5.91,All Open Resolvers
1307,2023-03-19,all_open_res_ratio,5.64,All Open Resolvers
1308,2023-03-20,all_open_res_ratio,6.21,All Open Resolvers
1309,2023-03-21,all_open_res_ratio,5.68,All Open Resolvers
1310,2023-03-22,all_open_res_ratio,5.28,All Open Resolvers
1311,2023-03-23,all_open_res_ratio,5.13,All Open Resolvers
1312,2023-03-24,all_open_res_ratio,6.31,All Open Resolvers
1313,2023-03-25,all_open_res_ratio,6.08,All Open Resolvers
1314,2023-03-26,all_open_res_ratio,5.61,All Open Resolvers
1315,2023-03-27,all_open_res_ratio,6.63,All Open Resolvers
1316,2023-03-28,all_open_res_ratio,6.8,All Open Resolvers
1317,2023-03-29,all_open_res_ratio,7.43,All Open Resolvers
1318,2023-03-30,all_open_res_ratio,7.4,All Open Resolvers
1319,2023-03-31,all_open_res_ratio,7.4,All Open Resolvers
1320,2023-04-01,all_open_res_ratio,7.17,All Open Resolvers
1321,2023-04-02,all_open_res_ratio,6.42,All Open Resolvers
1322,2023-04-03,all_open_res_ratio,7.45,All Open Resolvers
1323,2023-04-04,all_open_res_ratio,7.35,All Open Resolvers
1324,2023-04-05,all_open_res_ratio,7.67,All Open Resolvers
1325,2023-04-06,all_open_res_ratio,7.64,All Open Resolvers
1326,2023-04-07,all_open_res_ratio,8.12,All Open Resolvers
1327,2023-04-08,all_open_res_ratio,8.37,All Open Resolvers
1328,2023-04-09,all_open_res_ratio,8.2,All Open Resolvers
1329,2023-04-10,all_open_res_ratio,6.26,All Open Resolvers
1330,2023-04-11,all_open_res_ratio,6.84,All Open Resolvers
1331,2023-04-12,all_open_res_ratio,6.41,All Open Resolvers
1332,2023-04-13,all_open_res_ratio,6.83,All Open Resolvers
1333,2023-04-14,all_open_res_ratio,7.02,All Open Resolvers
1334,2023-04-15,all_open_res_ratio,7.01,All Open Resolvers
1335,2023-04-16,all_open_res_ratio,6.52,All Open Resolvers
1336,2023-04-18,all_open_res_ratio,7.39,All Open Resolvers
1337,2023-04-19,all_open_res_ratio,6.84,All Open Resolvers
1338,2023-04-20,all_open_res_ratio,6.38,All Open Resolvers
1339,2023-04-21,all_open_res_ratio,6.28,All Open Resolvers
1340,2023-04-22,all_open_res_ratio,6.34,All Open Resolvers
1341,2023-04-23,all_open_res_ratio,5.46,All Open Resolvers
1342,2023-04-24,all_open_res_ratio,5.79,All Open Resolvers
1343,2023-04-25,all_open_res_ratio,5.58,All Open Resolvers
1344,2023-04-26,all_open_res_ratio,5.95,All Open Resolvers
1345,2023-04-27,all_open_res_ratio,6.08,All Open Resolvers
1346,2023-04-28,all_open_res_ratio,5.65,All Open Resolvers
1347,2023-04-29,all_open_res_ratio,5.95,All Open Resolvers
1348,2023-04-30,all_open_res_ratio,5.51,All Open Resolvers
1349,2023-05-01,all_open_res_ratio,5.01,All Open Resolvers
1350,2023-05-02,all_open_res_ratio,7.27,All Open Resolvers
1351,2023-05-03,all_open_res_ratio,7.29,All Open Resolvers
1352,2023-05-04,all_open_res_ratio,6.74,All Open Resolvers
1353,2023-05-05,all_open_res_ratio,6.85,All Open Resolvers
1354,2023-05-06,all_open_res_ratio,6.89,All Open Resolvers
1355,2023-05-07,all_open_res_ratio,5.94,All Open Resolvers
1356,2023-05-08,all_open_res_ratio,5.65,All Open Resolvers
1357,2023-05-09,all_open_res_ratio,6.75,All Open Resolvers
1358,2023-05-10,all_open_res_ratio,6.75,All Open Resolvers
1359,2023-05-11,all_open_res_ratio,7.24,All Open Resolvers
1360,2023-05-12,all_open_res_ratio,7.01,All Open Resolvers
1361,2023-05-13,all_open_res_ratio,7.31,All Open Resolvers
1362,2023-05-14,all_open_res_ratio,6.93,All Open Resolvers
1363,2023-05-15,all_open_res_ratio,7.56,All Open Resolvers
1364,2023-05-16,all_open_res_ratio,7.68,All Open Resolvers
1365,2023-05-17,all_open_res_ratio,7.12,All Open Resolvers
1366,2023-05-18,all_open_res_ratio,6.81,All Open Resolvers
1367,2023-05-19,all_open_res_ratio,6.87,All Open Resolvers
1368,2023-05-20,all_open_res_ratio,6.53,All Open Resolvers
1369,2023-05-21,all_open_res_ratio,6.16,All Open Resolvers
1370,2023-05-22,all_open_res_ratio,6.74,All Open Resolvers
1371,2023-05-23,all_open_res_ratio,7.0,All Open Resolvers
1372,2023-05-24,all_open_res_ratio,6.67,All Open Resolvers
1373,2023-05-25,all_open_res_ratio,7.18,All Open Resolvers
1374,2023-05-26,all_open_res_ratio,7.37,All Open Resolvers
1375,2023-05-27,all_open_res_ratio,7.52,All Open Resolvers
1376,2023-05-28,all_open_res_ratio,8.01,All Open Resolvers
1377,2023-05-29,all_open_res_ratio,6.59,All Open Resolvers
1378,2023-05-30,all_open_res_ratio,7.68,All Open Resolvers
1379,2023-05-31,all_open_res_ratio,7.76,All Open Resolvers
1380,2023-06-01,all_open_res_ratio,8.17,All Open Resolvers
1381,2023-06-02,all_open_res_ratio,8.33,All Open Resolvers
1382,2023-06-03,all_open_res_ratio,8.84,All Open Resolvers
1383,2023-06-04,all_open_res_ratio,7.95,All Open Resolvers
1384,2023-06-05,all_open_res_ratio,8.12,All Open Resolvers
1385,2023-06-06,all_open_res_ratio,7.57,All Open Resolvers
1386,2023-06-07,all_open_res_ratio,7.72,All Open Resolvers
1387,2023-06-08,all_open_res_ratio,11.3,All Open Resolvers
1388,2023-06-09,all_open_res_ratio,10.08,All Open Resolvers
1389,2023-06-10,all_open_res_ratio,9.69,All Open Resolvers
1390,2023-06-11,all_open_res_ratio,8.4,All Open Resolvers
1391,2023-06-12,all_open_res_ratio,8.7,All Open Resolvers
1392,2023-06-13,all_open_res_ratio,9.18,All Open Resolvers
1393,2023-06-14,all_open_res_ratio,9.9,All Open Resolvers
1394,2023-06-15,all_open_res_ratio,9.02,All Open Resolvers
1395,2023-06-16,all_open_res_ratio,9.93,All Open Resolvers
1396,2023-06-17,all_open_res_ratio,7.53,All Open Resolvers
1397,2023-06-18,all_open_res_ratio,6.09,All Open Resolvers
1398,2023-06-19,all_open_res_ratio,7.21,All Open Resolvers
1399,2023-06-20,all_open_res_ratio,7.43,All Open Resolvers
1400,2023-06-21,all_open_res_ratio,6.97,All Open Resolvers
1401,2023-06-22,all_open_res_ratio,7.26,All Open Resolvers
1402,2023-06-23,all_open_res_ratio,8.25,All Open Resolvers
1403,2023-06-24,all_open_res_ratio,7.87,All Open Resolvers
1404,2023-06-25,all_open_res_ratio,6.59,All Open Resolvers
1405,2023-06-26,all_open_res_ratio,7.12,All Open Resolvers
1406,2023-06-27,all_open_res_ratio,7.4,All Open Resolvers
1407,2023-06-28,all_open_res_ratio,7.63,All Open Resolvers
1408,2023-06-29,all_open_res_ratio,8.27,All Open Resolvers
1409,2023-06-30,all_open_res_ratio,8.54,All Open Resolvers
1410,2023-07-01,all_open_res_ratio,7.9,All Open Resolvers
1411,2023-07-02,all_open_res_ratio,6.86,All Open Resolvers
1412,2023-07-03,all_open_res_ratio,7.35,All Open Resolvers
1413,2023-07-04,all_open_res_ratio,7.52,All Open Resolvers
1414,2023-07-05,all_open_res_ratio,7.32,All Open Resolvers
1415,2023-07-06,all_open_res_ratio,8.32,All Open Resolvers
1416,2023-07-07,all_open_res_ratio,8.76,All Open Resolvers
1417,2023-07-08,all_open_res_ratio,8.77,All Open Resolvers
1418,2023-07-09,all_open_res_ratio,7.02,All Open Resolvers
1419,2023-07-10,all_open_res_ratio,7.64,All Open Resolvers
1420,2023-07-11,all_open_res_ratio,7.17,All Open Resolvers
1421,2023-07-13,all_open_res_ratio,7.47,All Open Resolvers
1422,2023-07-14,all_open_res_ratio,7.1,All Open Resolvers
1423,2023-07-15,all_open_res_ratio,6.88,All Open Resolvers
1424,2023-07-16,all_open_res_ratio,7.05,All Open Resolvers
1425,2023-07-17,all_open_res_ratio,7.89,All Open Resolvers
1426,2023-07-18,all_open_res_ratio,7.04,All Open Resolvers
1427,2023-07-19,all_open_res_ratio,7.22,All Open Resolvers
1428,2023-07-20,all_open_res_ratio,6.73,All Open Resolvers
1429,2023-07-21,all_open_res_ratio,6.82,All Open Resolvers
1430,2023-07-22,all_open_res_ratio,6.52,All Open Resolvers
1431,2023-07-23,all_open_res_ratio,5.24,All Open Resolvers
1432,2023-07-24,all_open_res_ratio,5.74,All Open Resolvers
1433,2023-07-25,all_open_res_ratio,5.61,All Open Resolvers
1434,2023-07-26,all_open_res_ratio,5.77,All Open Resolvers
1435,2023-07-27,all_open_res_ratio,6.24,All Open Resolvers
1436,2023-07-28,all_open_res_ratio,5.93,All Open Resolvers
1437,2023-07-29,all_open_res_ratio,5.77,All Open Resolvers
1438,2023-07-30,all_open_res_ratio,5.49,All Open Resolvers
1439,2023-07-31,all_open_res_ratio,5.75,All Open Resolvers
1440,2023-08-01,all_open_res_ratio,5.84,All Open Resolvers
1441,2023-08-02,all_open_res_ratio,5.79,All Open Resolvers
1442,2023-08-03,all_open_res_ratio,6.07,All Open Resolvers
1443,2023-08-04,all_open_res_ratio,6.37,All Open Resolvers
1444,2023-08-05,all_open_res_ratio,6.46,All Open Resolvers
1445,2023-08-06,all_open_res_ratio,5.91,All Open Resolvers
1446,2023-08-07,all_open_res_ratio,5.76,All Open Resolvers
1447,2023-08-08,all_open_res_ratio,6.14,All Open Resolvers
1448,2023-08-09,all_open_res_ratio,6.13,All Open Resolvers
1449,2023-08-10,all_open_res_ratio,6.26,All Open Resolvers
1450,2023-08-11,all_open_res_ratio,6.84,All Open Resolvers
1451,2023-08-12,all_open_res_ratio,7.01,All Open Resolvers
1452,2023-08-13,all_open_res_ratio,6.48,All Open Resolvers
1453,2023-08-14,all_open_res_ratio,6.52,All Open Resolvers
1454,2023-08-15,all_open_res_ratio,6.25,All Open Resolvers
1455,2023-08-16,all_open_res_ratio,6.94,All Open Resolvers
1456,2023-08-17,all_open_res_ratio,6.88,All Open Resolvers
1457,2023-08-18,all_open_res_ratio,7.41,All Open Resolvers
1458,2023-08-19,all_open_res_ratio,7.54,All Open Resolvers
1459,2023-08-20,all_open_res_ratio,6.9,All Open Resolvers
1460,2023-08-21,all_open_res_ratio,7.21,All Open Resolvers
1461,2023-08-22,all_open_res_ratio,7.35,All Open Resolvers
1462,2023-08-23,all_open_res_ratio,8.04,All Open Resolvers
1463,2023-08-24,all_open_res_ratio,7.93,All Open Resolvers
1464,2023-08-25,all_open_res_ratio,7.39,All Open Resolvers
1465,2023-08-26,all_open_res_ratio,7.21,All Open Resolvers
1466,2023-08-27,all_open_res_ratio,6.22,All Open Resolvers
1467,2023-08-28,all_open_res_ratio,6.32,All Open Resolvers
1468,2023-08-29,all_open_res_ratio,6.38,All Open Resolvers
1469,2023-08-30,all_open_res_ratio,6.72,All Open Resolvers
1470,2023-08-31,all_open_res_ratio,7.02,All Open Resolvers
1471,2023-09-01,all_open_res_ratio,4.63,All Open Resolvers
1472,2023-09-02,all_open_res_ratio,7.86,All Open Resolvers
1473,2023-09-03,all_open_res_ratio,7.23,All Open Resolvers
1474,2023-09-04,all_open_res_ratio,7.83,All Open Resolvers
1475,2023-09-05,all_open_res_ratio,7.98,All Open Resolvers
1476,2023-09-06,all_open_res_ratio,7.57,All Open Resolvers
1477,2023-09-07,all_open_res_ratio,7.96,All Open Resolvers
1478,2023-09-08,all_open_res_ratio,9.01,All Open Resolvers
1479,2023-09-09,all_open_res_ratio,8.77,All Open Resolvers
1480,2023-09-10,all_open_res_ratio,7.62,All Open Resolvers
1481,2023-09-11,all_open_res_ratio,8.09,All Open Resolvers
1482,2023-09-12,all_open_res_ratio,8.06,All Open Resolvers
1483,2023-09-13,all_open_res_ratio,7.89,All Open Resolvers
1484,2023-09-14,all_open_res_ratio,8.82,All Open Resolvers
1485,2023-09-27,all_open_res_ratio,5.67,All Open Resolvers
1486,2023-09-28,all_open_res_ratio,7.22,All Open Resolvers
1487,2023-09-29,all_open_res_ratio,7.92,All Open Resolvers
1488,2023-09-30,all_open_res_ratio,6.99,All Open Resolvers
1489,2023-10-01,all_open_res_ratio,5.35,All Open Resolvers
1490,2023-10-02,all_open_res_ratio,6.65,All Open Resolvers
1491,2023-10-03,all_open_res_ratio,6.8,All Open Resolvers
1492,2023-10-04,all_open_res_ratio,7.0,All Open Resolvers
1493,2023-10-05,all_open_res_ratio,7.45,All Open Resolvers
1494,2023-10-06,all_open_res_ratio,8.14,All Open Resolvers
1495,2023-10-07,all_open_res_ratio,7.46,All Open Resolvers
1496,2023-10-08,all_open_res_ratio,6.61,All Open Resolvers
1497,2023-10-09,all_open_res_ratio,7.26,All Open Resolvers
1498,2023-10-10,all_open_res_ratio,7.12,All Open Resolvers
1499,2023-10-11,all_open_res_ratio,8.86,All Open Resolvers
1500,2023-10-12,all_open_res_ratio,9.49,All Open Resolvers
1501,2023-10-13,all_open_res_ratio,9.71,All Open Resolvers
1502,2023-10-14,all_open_res_ratio,7.77,All Open Resolvers
1503,2023-10-15,all_open_res_ratio,7.43,All Open Resolvers
1504,2023-10-16,all_open_res_ratio,8.7,All Open Resolvers
1505,2023-10-17,all_open_res_ratio,8.73,All Open Resolvers
1506,2023-10-18,all_open_res_ratio,7.93,All Open Resolvers
1507,2023-10-19,all_open_res_ratio,8.99,All Open Resolvers
1508,2023-10-21,all_open_res_ratio,8.4,All Open Resolvers
1509,2023-10-22,all_open_res_ratio,7.21,All Open Resolvers
1510,2023-10-23,all_open_res_ratio,7.54,All Open Resolvers
1511,2023-10-24,all_open_res_ratio,8.19,All Open Resolvers
1512,2023-10-25,all_open_res_ratio,8.34,All Open Resolvers
1513,2023-10-26,all_open_res_ratio,9.65,All Open Resolvers
1514,2023-10-27,all_open_res_ratio,9.05,All Open Resolvers
1515,2023-10-28,all_open_res_ratio,8.73,All Open Resolvers
1516,2023-10-29,all_open_res_ratio,6.94,All Open Resolvers
1517,2023-10-30,all_open_res_ratio,7.44,All Open Resolvers
1518,2023-10-31,all_open_res_ratio,7.73,All Open Resolvers
1519,2023-11-01,all_open_res_ratio,6.59,All Open Resolvers
1520,2023-11-02,all_open_res_ratio,7.13,All Open Resolvers
1521,2023-11-03,all_open_res_ratio,7.22,All Open Resolvers
1522,2023-11-04,all_open_res_ratio,7.1,All Open Resolvers
1523,2023-11-05,all_open_res_ratio,6.09,All Open Resolvers
1524,2023-11-06,all_open_res_ratio,8.21,All Open Resolvers
1525,2023-11-07,all_open_res_ratio,8.88,All Open Resolvers
1526,2023-11-08,all_open_res_ratio,7.93,All Open Resolvers
1527,2023-11-09,all_open_res_ratio,8.77,All Open Resolvers
1528,2023-11-10,all_open_res_ratio,9.73,All Open Resolvers
1529,2023-11-11,all_open_res_ratio,10.73,All Open Resolvers
1530,2023-11-12,all_open_res_ratio,8.43,All Open Resolvers
1531,2023-11-13,all_open_res_ratio,8.89,All Open Resolvers
1532,2023-11-14,all_open_res_ratio,9.32,All Open Resolvers
1533,2023-11-15,all_open_res_ratio,8.4,All Open Resolvers
1534,2023-11-16,all_open_res_ratio,7.8,All Open Resolvers
1535,2023-11-17,all_open_res_ratio,8.28,All Open Resolvers
1536,2023-11-18,all_open_res_ratio,7.33,All Open Resolvers
1537,2023-11-19,all_open_res_ratio,6.76,All Open Resolvers
1538,2023-11-20,all_open_res_ratio,6.89,All Open Resolvers
1539,2023-11-21,all_open_res_ratio,7.63,All Open Resolvers
1540,2023-11-22,all_open_res_ratio,6.98,All Open Resolvers
1541,2023-11-23,all_open_res_ratio,8.01,All Open Resolvers
1542,2023-11-24,all_open_res_ratio,7.69,All Open Resolvers
1543,2023-11-25,all_open_res_ratio,7.59,All Open Resolvers
1544,2023-11-26,all_open_res_ratio,7.99,All Open Resolvers
1545,2023-11-27,all_open_res_ratio,8.17,All Open Resolvers
1546,2023-11-28,all_open_res_ratio,8.46,All Open Resolvers
1547,2023-11-29,all_open_res_ratio,8.34,All Open Resolvers
1548,2023-11-30,all_open_res_ratio,9.39,All Open Resolvers
1549,2023-12-01,all_open_res_ratio,10.78,All Open Resolvers
1550,2023-12-02,all_open_res_ratio,9.58,All Open Resolvers
1551,2023-12-03,all_open_res_ratio,9.44,All Open Resolvers
1552,2023-12-04,all_open_res_ratio,9.47,All Open Resolvers
1553,2023-12-05,all_open_res_ratio,10.08,All Open Resolvers
1554,2023-12-06,all_open_res_ratio,10.38,All Open Resolvers
1555,2023-12-07,all_open_res_ratio,10.17,All Open Resolvers
1556,2023-12-08,all_open_res_ratio,9.51,All Open Resolvers
1557,2023-12-09,all_open_res_ratio,7.97,All Open Resolvers
1558,2023-12-10,all_open_res_ratio,7.4,All Open Resolvers
1559,2023-12-11,all_open_res_ratio,7.73,All Open Resolvers
1560,2023-12-12,all_open_res_ratio,9.1,All Open Resolvers
1561,2023-12-13,all_open_res_ratio,8.53,All Open Resolvers
1562,2023-12-14,all_open_res_ratio,10.18,All Open Resolvers
1563,2023-12-15,all_open_res_ratio,10.55,All Open Resolvers
1564,2023-12-16,all_open_res_ratio,8.99,All Open Resolvers
1565,2023-12-17,all_open_res_ratio,8.22,All Open Resolvers
1566,2023-12-18,all_open_res_ratio,8.57,All Open Resolvers
1567,2023-12-19,all_open_res_ratio,8.96,All Open Resolvers
1568,2023-12-20,all_open_res_ratio,9.17,All Open Resolvers
1569,2023-12-21,all_open_res_ratio,9.21,All Open Resolvers
1570,2023-12-22,all_open_res_ratio,9.36,All Open Resolvers
1571,2023-12-23,all_open_res_ratio,8.72,All Open Resolvers
1572,2023-12-24,all_open_res_ratio,9.89,All Open Resolvers
1573,2023-12-25,all_open_res_ratio,9.75,All Open Resolvers
1574,2023-12-26,all_open_res_ratio,8.0,All Open Resolvers
1575,2023-12-27,all_open_res_ratio,9.02,All Open Resolvers
1576,2023-12-28,all_open_res_ratio,9.14,All Open Resolvers
1577,2023-12-29,all_open_res_ratio,10.56,All Open Resolvers
1578,2023-12-30,all_open_res_ratio,8.47,All Open Resolvers
1579,2023-12-31,all_open_res_ratio,7.97,All Open Resolvers
1580,2024-01-01,all_open_res_ratio,7.61,All Open Resolvers
1581,2024-01-02,all_open_res_ratio,7.5,All Open Resolvers
1582,2024-01-03,all_open_res_ratio,7.93,All Open Resolvers
1583,2024-01-04,all_open_res_ratio,6.65,All Open Resolvers
1584,2024-01-05,all_open_res_ratio,7.07,All Open Resolvers
1585,2024-01-06,all_open_res_ratio,5.83,All Open Resolvers
1586,2024-01-07,all_open_res_ratio,6.28,All Open Resolvers
1587,2024-01-08,all_open_res_ratio,7.73,All Open Resolvers
1588,2024-01-09,all_open_res_ratio,6.77,All Open Resolvers
1589,2024-01-10,all_open_res_ratio,6.84,All Open Resolvers
1590,2024-01-11,all_open_res_ratio,7.66,All Open Resolvers
1591,2024-01-12,all_open_res_ratio,8.78,All Open Resolvers
1592,2024-01-13,all_open_res_ratio,7.48,All Open Resolvers
1593,2024-01-14,all_open_res_ratio,7.52,All Open Resolvers
1594,2024-01-15,all_open_res_ratio,7.81,All Open Resolvers
1595,2024-01-16,all_open_res_ratio,7.92,All Open Resolvers
1596,2024-01-17,all_open_res_ratio,6.77,All Open Resolvers
1597,2024-01-18,all_open_res_ratio,6.75,All Open Resolvers
1598,2024-01-19,all_open_res_ratio,6.28,All Open Resolvers
1599,2024-01-20,all_open_res_ratio,5.8,All Open Resolvers
1600,2024-01-21,all_open_res_ratio,5.21,All Open Resolvers
1601,2024-01-22,all_open_res_ratio,6.41,All Open Resolvers
1602,2024-01-23,all_open_res_ratio,6.5,All Open Resolvers
1603,2024-01-24,all_open_res_ratio,7.07,All Open Resolvers
1604,2024-01-25,all_open_res_ratio,7.0,All Open Resolvers
1605,2024-01-26,all_open_res_ratio,6.31,All Open Resolvers
1606,2024-01-27,all_open_res_ratio,5.08,All Open Resolvers
1607,2024-01-28,all_open_res_ratio,5.23,All Open Resolvers
1608,2024-01-29,all_open_res_ratio,6.32,All Open Resolvers
1609,2024-01-30,all_open_res_ratio,6.15,All Open Resolvers
1610,2024-01-31,all_open_res_ratio,6.0,All Open Resolvers
1611,2024-02-01,all_open_res_ratio,6.48,All Open Resolvers
1612,2024-02-02,all_open_res_ratio,6.29,All Open Resolvers
1613,2024-02-03,all_open_res_ratio,5.63,All Open Resolvers
1614,2024-02-04,all_open_res_ratio,5.2,All Open Resolvers
1615,2024-02-05,all_open_res_ratio,6.23,All Open Resolvers
1616,2024-02-06,all_open_res_ratio,6.33,All Open Resolvers
1617,2024-02-07,all_open_res_ratio,6.31,All Open Resolvers
1618,2024-02-08,all_open_res_ratio,5.9,All Open Resolvers
1619,2024-02-09,all_open_res_ratio,6.53,All Open Resolvers
1620,2024-02-10,all_open_res_ratio,6.45,All Open Resolvers
1621,2024-02-11,all_open_res_ratio,6.05,All Open Resolvers
1622,2024-02-12,all_open_res_ratio,6.66,All Open Resolvers
1623,2024-02-13,all_open_res_ratio,7.35,All Open Resolvers
1624,2024-02-14,all_open_res_ratio,7.42,All Open Resolvers
1625,2024-02-15,all_open_res_ratio,7.48,All Open Resolvers
1626,2024-02-16,all_open_res_ratio,6.81,All Open Resolvers
1627,2024-02-17,all_open_res_ratio,6.96,All Open Resolvers
1628,2024-02-18,all_open_res_ratio,6.08,All Open Resolvers
1629,2024-02-19,all_open_res_ratio,6.25,All Open Resolvers
1630,2024-02-20,all_open_res_ratio,5.88,All Open Resolvers
1631,2024-02-21,all_open_res_ratio,5.35,All Open Resolvers
1632,2024-02-22,all_open_res_ratio,5.64,All Open Resolvers
1633,2024-02-23,all_open_res_ratio,5.95,All Open Resolvers
1634,2024-02-24,all_open_res_ratio,5.72,All Open Resolvers
1635,2024-02-25,all_open_res_ratio,4.82,All Open Resolvers
1636,2024-02-26,all_open_res_ratio,5.33,All Open Resolvers
1637,2024-02-27,all_open_res_ratio,5.59,All Open Resolvers
1638,2024-02-28,all_open_res_ratio,5.85,All Open Resolvers
1639,2024-02-29,all_open_res_ratio,5.02,All Open Resolvers
1640,2024-03-01,all_open_res_ratio,6.3,All Open Resolvers
1641,2024-03-02,all_open_res_ratio,6.8,All Open Resolvers
1642,2024-03-03,all_open_res_ratio,5.52,All Open Resolvers
1643,2024-03-04,all_open_res_ratio,5.75,All Open Resolvers
1644,2024-03-05,all_open_res_ratio,6.3,All Open Resolvers
1645,2024-03-06,all_open_res_ratio,6.77,All Open Resolvers
1646,2024-03-07,all_open_res_ratio,6.39,All Open Resolvers
1647,2024-03-08,all_open_res_ratio,5.56,All Open Resolvers
1648,2024-03-09,all_open_res_ratio,5.41,All Open Resolvers
1649,2024-03-10,all_open_res_ratio,4.4,All Open Resolvers
1650,2024-03-11,all_open_res_ratio,5.16,All Open Resolvers
1651,2024-03-12,all_open_res_ratio,5.39,All Open Resolvers
1652,2024-03-13,all_open_res_ratio,5.53,All Open Resolvers
1653,2024-03-14,all_open_res_ratio,6.39,All Open Resolvers
1654,2024-03-15,all_open_res_ratio,6.07,All Open Resolvers
1655,2024-03-16,all_open_res_ratio,5.86,All Open Resolvers
1656,2024-03-17,all_open_res_ratio,5.08,All Open Resolvers
1657,2024-03-18,all_open_res_ratio,5.33,All Open Resolvers
1658,2024-03-19,all_open_res_ratio,5.45,All Open Resolvers
1659,2024-03-20,all_open_res_ratio,5.77,All Open Resolvers
1660,2024-03-21,all_open_res_ratio,6.23,All Open Resolvers
1661,2024-03-22,all_open_res_ratio,6.39,All Open Resolvers
1662,2024-03-23,all_open_res_ratio,5.04,All Open Resolvers
1663,2024-03-24,all_open_res_ratio,4.92,All Open Resolvers
1664,2024-03-25,all_open_res_ratio,6.2,All Open Resolvers
1665,2024-03-26,all_open_res_ratio,5.95,All Open Resolvers
1666,2024-03-27,all_open_res_ratio,6.56,All Open Resolvers
1667,2024-03-28,all_open_res_ratio,6.78,All Open Resolvers
1668,2024-03-29,all_open_res_ratio,6.35,All Open Resolvers
1669,2024-03-30,all_open_res_ratio,7.15,All Open Resolvers
1670,2024-03-31,all_open_res_ratio,6.12,All Open Resolvers
1671,2024-04-01,all_open_res_ratio,5.75,All Open Resolvers
1672,2024-04-02,all_open_res_ratio,6.96,All Open Resolvers
1673,2024-04-03,all_open_res_ratio,6.52,All Open Resolvers
1674,2024-04-04,all_open_res_ratio,9.55,All Open Resolvers
1675,2024-04-05,all_open_res_ratio,8.77,All Open Resolvers
1676,2024-04-06,all_open_res_ratio,7.0,All Open Resolvers
1677,2024-04-07,all_open_res_ratio,6.5,All Open Resolvers
1678,2024-04-08,all_open_res_ratio,6.41,All Open Resolvers
1679,2024-04-09,all_open_res_ratio,6.63,All Open Resolvers
1680,2024-04-10,all_open_res_ratio,7.36,All Open Resolvers
1681,2024-04-11,all_open_res_ratio,7.89,All Open Resolvers
1682,2024-04-12,all_open_res_ratio,6.93,All Open Resolvers
1683,2024-04-13,all_open_res_ratio,7.94,All Open Resolvers
1684,2024-04-14,all_open_res_ratio,6.92,All Open Resolvers
1685,2024-04-15,all_open_res_ratio,7.12,All Open Resolvers
1686,2024-04-16,all_open_res_ratio,8.09,All Open Resolvers
1687,2024-04-17,all_open_res_ratio,9.04,All Open Resolvers
1688,2024-04-18,all_open_res_ratio,8.03,All Open Resolvers
1689,2024-04-19,all_open_res_ratio,8.05,All Open Resolvers
1690,2024-04-20,all_open_res_ratio,6.83,All Open Resolvers
1691,2024-04-21,all_open_res_ratio,5.66,All Open Resolvers
1692,2024-04-22,all_open_res_ratio,6.74,All Open Resolvers
1693,2024-04-23,all_open_res_ratio,7.47,All Open Resolvers
1694,2024-04-24,all_open_res_ratio,6.99,All Open Resolvers
1695,2024-04-25,all_open_res_ratio,6.88,All Open Resolvers
1696,2024-04-26,all_open_res_ratio,7.41,All Open Resolvers
1697,2024-04-27,all_open_res_ratio,7.21,All Open Resolvers
1698,2024-04-28,all_open_res_ratio,5.84,All Open Resolvers
1699,2024-04-29,all_open_res_ratio,8.04,All Open Resolvers
1700,2024-04-30,all_open_res_ratio,7.56,All Open Resolvers
1701,2024-05-01,all_open_res_ratio,6.51,All Open Resolvers
1702,2024-05-02,all_open_res_ratio,8.28,All Open Resolvers
1703,2024-05-03,all_open_res_ratio,7.6,All Open Resolvers
1704,2024-05-04,all_open_res_ratio,6.64,All Open Resolvers
1705,2024-05-05,all_open_res_ratio,6.01,All Open Resolvers
1706,2024-05-06,all_open_res_ratio,7.69,All Open Resolvers
1707,2024-05-07,all_open_res_ratio,8.1,All Open Resolvers
1708,2024-05-08,all_open_res_ratio,6.29,All Open Resolvers
1709,2024-05-09,all_open_res_ratio,6.16,All Open Resolvers
1710,2024-05-10,all_open_res_ratio,6.54,All Open Resolvers
1711,2024-05-11,all_open_res_ratio,6.62,All Open Resolvers
1712,2024-05-12,all_open_res_ratio,5.05,All Open Resolvers
1713,2024-05-13,all_open_res_ratio,6.02,All Open Resolvers
1714,2024-05-14,all_open_res_ratio,7.16,All Open Resolvers
1715,2024-05-15,all_open_res_ratio,7.59,All Open Resolvers
1716,2024-05-16,all_open_res_ratio,7.98,All Open Resolvers
1717,2024-05-17,all_open_res_ratio,8.53,All Open Resolvers
1718,2024-05-18,all_open_res_ratio,7.86,All Open Resolvers
1719,2024-05-19,all_open_res_ratio,6.62,All Open Resolvers
1720,2024-05-20,all_open_res_ratio,5.74,All Open Resolvers
1721,2024-05-21,all_open_res_ratio,6.85,All Open Resolvers
1722,2024-05-22,all_open_res_ratio,5.57,All Open Resolvers
1723,2024-05-23,all_open_res_ratio,6.25,All Open Resolvers
1724,2024-05-24,all_open_res_ratio,6.14,All Open Resolvers
1725,2024-05-25,all_open_res_ratio,6.03,All Open Resolvers
1726,2024-05-26,all_open_res_ratio,5.22,All Open Resolvers
1727,2024-05-27,all_open_res_ratio,5.52,All Open Resolvers
1728,2024-05-28,all_open_res_ratio,4.92,All Open Resolvers
1729,2024-05-29,all_open_res_ratio,4.67,All Open Resolvers
1730,2024-05-30,all_open_res_ratio,5.23,All Open Resolvers
1731,2024-05-31,all_open_res_ratio,5.15,All Open Resolvers
1732,2024-06-01,all_open_res_ratio,4.98,All Open Resolvers
1733,2024-06-02,all_open_res_ratio,4.32,All Open Resolvers
1734,2024-06-03,all_open_res_ratio,5.58,All Open Resolvers
1735,2024-06-04,all_open_res_ratio,6.22,All Open Resolvers
